,n_vac,uco,ciu,pt,asig,ta,empleo,efun,cursos,t_max,t_min,fecha_cob,csce,obs,cantidad_vacantes
0,05113,CUARTEL GENERAL DEL MANDO DE TROPAS DE MONTAÑA,50083231,5JA77/005,PA,C,CAP,"['TRA.', 'ART.', 'ING.', nan]",IB:E,6,,,"489,98","656,959",
1,05114,REGIMIENTO DE OPERACIONES DE INFORMACION N.o 1,50069718,5JA77/013,PA,C,CAP,"['TRA.', 'ART.', 'ING.', nan]",IN:E,6,,,"374,87","215,959",
2,05115,REGIMIENTO DE OPERACIONES DE INFORMACION N.o 1,50069718,5JA77/011,PA,C,CAP,"['TRA.', 'ART.', 'ING.', nan]",IN:E,6,,,"450,47","D73,959",
3,05116,REGIMIENTO DE OPERACIONES DE INFORMACION N.o 1,50069718,5JA77/012,PA,C,CAP,"['TRA.', 'ART.', 'ING.', nan]",IN:E,6,,,"374,87","215,959",
4,05117,REGIMIENTO DE OPERACIONES DE INFORMACION N.o 1,50069718,5JA77/009,PA,C,CAP,"['TRA.', 'ART.', 'ING.', nan]",IN:E,6,,,"450,47","D73,959",
5,05118,REGIMIENTO DE OPERACIONES DE INFORMACION N.o 1,50069718,5JA77/010,PA,C,CAP,"['TRA.', 'ART.', 'ING.', nan]",IN:E,6,,,"450,47","D73,959",
6,05119,REGIMIENTO DE OPERACIONES DE INFORMACION N.o 1,50069718,5JA77/008,PA,C,CAP,"['TRA.', 'ART.', 'ING.', nan]",IN:E,6,,,"450,47","D73,959",
7,05120,BATALLON DE ZAPADORES XI,50013330,5JA84/002,PA,C,CAP,"['TRA.', 'ART.', 'ING.', nan]",FP:E,6,,,"450,47",959,
8,05121,BATALLON DE ZAPADORES I,51081222,5JA84/003,PA,C,CAP,"['TRA.', 'ART.', 'ING.', nan]",FP:E,6,,,"450,47",959,
9,05122,BATALLON DE CG. DE LA BRIGADA «GUZMAN EL BUENO» X,50061521,5JA77/001,PA,C,CAP,"['TRA.', 'ART.', 'ING.', nan]",FP:E,6,,,"450,47","656,959",
10,05123,GRUPO LOGISTICO X,50086388,5JA77/001,PA,C,CAP,"['TRA.', 'ART.', 'ING.', nan]",FP:E,6,,,"450,47",959,
11,05124,GRUPO LOGISTICO I,51028762,5JA77/005,PA,C,CAP,"['TRA.', 'ART.', 'ING.', nan]",FP:E,6,,,"450,47",959,
12,05125,BATALLON DE CG. DE LA BRIGADA «CANARIAS» XVI,50056348,5JA77/003,PA,C,CAP,"['TRA.', 'ART.', 'ING.', nan]",FP:E,6,,,"450,47",959,
13,05126,BATALLON DE POLICIA MILITAR 1,50030003,5JA9U/002,PA,C,CAP,"['TRA.', 'ART.', 'ING.', nan]",PN:E,6,,,"450,47","567,959",
14,05127,CUARTEL GENERAL TERRESTRE DE ALTA DISPONIBILIDAD (BETERA),50030002,5JA77/002,PA,C,CAP,"['TRA.', 'ART.', 'ING.', nan]",IN:E,6,,,"338,86","215,656,960",
15,05128,CUARTEL GENERAL TERRESTRE DE ALTA DISPONIBILIDAD (BETERA),50030002,5JA77/004,PA,C,CAP,"['TRA.', 'ART.', 'ING.', nan]",IN:E,6,,,"374,87","D74,656,960",
16,05129,REGIMIENTO DE PONTONEROS Y ESPECIALIDADES DE INGENIEROS 12,50078704,5JA84/019,PA,C,CAP,"['TRA.', 'ART.', 'ING.', nan]",ZP:E,6,,,"450,47",959,
17,05130,REGIMIENTO DE ARTILLERIA DE COSTA 4 (SAN FERNANDO),50012789,5JA80/002,PA,C,CAP,"['TRA.', 'ART.', 'ING.', nan]",FP:E,6,,,"450,47",959,
18,05131,REGIMIENTO DE TRANSMISIONES 22 (BETERA),50087639,5JA86/001,PA,C,CAP,"['TRA.', 'ART.', 'ING.', nan]",IN:E,6,,,"338,86","215,960",
19,04500,BATALLON DE HELICOPTEROS DE MANIOBRA IV,50091258,5SA8C/011,PA,C,SGT1 a SGTO,"['ARTC', 'I.LIG', 'TRA.', 'CAB.', 'ING.', nan]","HC:I,HR:I","['10', nan]",3.0,,"284,79","546,656,959",
20,04501,RGTO.DE.INF. «GALICIA» N.o 64 DE CAZADORES DE MONTAÑA,50037163,5SA85/013,PA,C,SGT1 a SGTO,"['ARTC', 'I.LIG', 'TRA.', 'CAB.', 'ING.', nan]",TM:E,"['10', nan]",3.0,,"291,07","697,959",
21,04502,RGTO. DE INF. «AMERICA» N.o 66 DE CAZADORES DE MONTAÑA,50038946,5SA84/001,PA,C,SGT1 a SGTO,"['ARTC', 'I.LIG', 'TRA.', 'CAB.', 'ING.', nan]",TM:E,"['10', nan]",3.0,,"291,07","696,959",
22,04503,REGIMIENTO DE INGENIEROS 8,50087177,5SA82/001,PA,C,SGT1 a SGTO,"['ARTC', 'I.LIG', 'TRA.', 'CAB.', 'ING.', nan]",SX:E,"['10', nan]",3.0,,"284,79",959,
23,04504,REGIMIENTO DE INFANTERIA «NAPOLES» N.o 4 DE PARACAIDISTAS,50041489,5SA85/033,PA,C,SGT1 a SGTO,"['ARTC', 'I.LIG', 'TRA.', 'CAB.', 'ING.', nan]",PA:E,"['10', nan]",3.0,,"291,07","697,959,976",
24,04505,REGIMIENTO DE INFANTERIA «NAPOLES» N.o 4 DE PARACAIDISTAS,50041489,5SA85/041,PA,C,SGT1 a SGTO,"['ARTC', 'I.LIG', 'TRA.', 'CAB.', 'ING.', nan]",PA:E,"['10', nan]",3.0,,"291,07","697,959,976",
25,04506,REGIMIENTO DE INFANTERIA «ZARAGOZA» N.o 5,50083681,5SA85/014,PA,C,SGT1 a SGTO,"['ARTC', 'I.LIG', 'TRA.', 'CAB.', 'ING.', nan]",PA:E,"['10', nan]",3.0,,"291,07","697,959,976",
26,04507,REGIMIENTO DE CABALLERIA «LUSITANIA» N.o 8,50072765,5SA78/011,PA,C,SGT1 a SGTO,"['ARTC', 'I.LIG', 'TRA.', 'CAB.', 'ING.', nan]",PA:E,"['10', nan]",3.0,,"291,07","697,959,976",
27,04508,REGIMIENTO DE CABALLERIA «LUSITANIA» N.o 8,50072765,5SA78/009,PA,C,SGT1 a SGTO,"['ARTC', 'I.LIG', 'TRA.', 'CAB.', 'ING.', nan]",PA:E,"['10', nan]",3.0,,"291,07","697,959,976",
28,04509,GRUPO DE ARTILLERIA DE CAMPAÑA VI,50091180,5SA79/003,PA,C,SGT1 a SGTO,"['ARTC', 'I.LIG', 'TRA.', 'CAB.', 'ING.', nan]",PA:E,"['10', nan]",3.0,,"291,07","697,959,976",
29,04510,GRUPO DE ARTILLERIA DE CAMPAÑA VI,50091180,5SA79/009,PA,C,SGT1 a SGTO,"['ARTC', 'I.LIG', 'TRA.', 'CAB.', 'ING.', nan]",PA:E,"['10', nan]",3.0,,"291,07","697,959,976",
30,04511,REGIMIENTO DE INFANTERIA «NAPOLES» N.o 4 DE PARACAIDISTAS,50041489,5SA84/003,PA,C,SGT1 a SGTO,"['ARTC', 'I.LIG', 'TRA.', 'CAB.', 'ING.', nan]",PA:E,"['10', nan]",3.0,,"291,07","696,959,976",
31,04512,REGIMIENTO DE INFANTERIA «NAPOLES» N.o 4 DE PARACAIDISTAS,50041489,5SB02/030,PA,C,SGTO,"['ARTC', 'I.LIG', 'MARMT', 'CAB.', 'ING.', nan]",PA:E,"['10', nan]",,,"284,79","959,976",
32,04513,REGIMIENTO DE INFANTERIA «NAPOLES» N.o 4 DE PARACAIDISTAS,50041489,5SB02/031,PA,C,SGTO,"['ARTC', 'I.LIG', 'MARMT', 'CAB.', 'ING.', nan]",PA:E,"['10', nan]",,,"284,79","959,976",
33,04514,REGIMIENTO DE INFANTERIA «ZARAGOZA» N.o 5,50083681,5SB02/061,PA,C,SGTO,"['ARTC', 'I.LIG', 'MARMT', 'CAB.', 'ING.', nan]",PA:E,"['10', nan]",,,"284,79","959,976",
34,04515,REGIMIENTO DE CABALLERIA «LUSITANIA» N.o 8,50072765,5SB04/038,PA,C,SGTO,"['ARTC', 'I.LIG', 'MARMT', 'CAB.', 'ING.', nan]",PA:E,"['10', nan]",,,"284,79","959,976",
35,04516,REGIMIENTO DE CABALLERIA «LUSITANIA» N.o 8,50072765,5SB04/039,PA,C,SGTO,"['ARTC', 'I.LIG', 'MARMT', 'CAB.', 'ING.', nan]",PA:E,"['10', nan]",,,"284,79","959,976",
36,04517,REGIMIENTO DE CABALLERIA «LUSITANIA» N.o 8,50072765,5SB04/035,PA,C,SGTO,"['ARTC', 'I.LIG', 'MARMT', 'CAB.', 'ING.', nan]",PA:E,"['10', nan]",,,"284,79","959,976",
37,04518,GRUPO DE ARTILLERIA DE CAMPAÑA VI,50091180,5SB05/002,PA,C,SGTO,"['ARTC', 'I.LIG', 'MARMT', 'CAB.', 'ING.', nan]",PA:E,"['10', nan]",,,"284,79","959,976",
38,04519,BATALLON DE ZAPADORES VI,50056870,5SB09/049,PA,C,SGTO,"['ARTC', 'I.LIG', 'MARMT', 'CAB.', 'ING.', nan]",PA:E,"['10', nan]",,,"284,79","959,976",
39,04520,BATALLON DE ZAPADORES X,50023596,5SA82/008,PA,C,SGT1 a SGTO,"['ARTC', 'I.LIG', 'MARMT', 'CAB.', 'ING.', nan]",SX:E,"['10', nan]",,,"284,79",959,
40,04521,BATALLON DE ZAPADORES XII,50092383,5SA82/005,PA,C,SGT1 a SGTO,"['ARTC', 'I.LIG', 'MARMT', 'CAB.', 'ING.', nan]",SX:E,"['10', nan]",,,"284,79",959,
41,04522,REGIMIENTO DE INGENIEROS 1,50081154,5SA82/038,PA,C,SGT1 a SGTO,"['ARTC', 'I.LIG', 'MARMT', 'CAB.', 'ING.', nan]",SX:E,"['10', nan]",,,"284,79",959,
42,04523,ESCUELA MILITAR DE MONTAÑA Y OPERACIONES ESPECIALES,55105701,5SA8C/004,PA,D,SGT1 a SGTO,"['ARTC', 'I.LIG', 'MARMT', 'CAB.', 'ING.', nan]",OE:E,"['10', nan]",,,"284,79",959,
43,04524,BATALLON DE CG. DE LA COMGE. DE CEUTA,50024641,5SA8C/005,PA,C,SGT1 a SGTO,"['ARTC', 'I.LIG', 'MARMT', 'CAB.', 'ING.', nan]",PN:E,"['10', nan]",,,"284,79","697,959",
44,04525,BATALLON DE CG. DE LA COMGE. DE CEUTA,50024641,5SA8C/006,PA,C,SGT1 a SGTO,"['ARTC', 'I.LIG', 'MARMT', 'CAB.', 'ING.', nan]",PN:E,"['10', nan]",,,"284,79","697,959",
45,04526,BATALLON DE CG. DE LA DIVISION «CASTILLEJOS»,50025936,5SA8C/002,PA,C,SGT1 a SGTO,"['ARTC', 'I.LIG', 'MARMT', 'CAB.', 'ING.', nan]",PN:E,"['10', nan]",,,"257,83","697,959",
46,04527,REGIMIENTO DE INFANTERIA «NAPOLES» N.o 4 DE PARACAIDISTAS,50041489,5WI33/001,PA,C,SGT1 a SGTO,"['ARTC', 'I.LIG', 'MARMT', 'CAB.', 'ING.', nan]","PT:I,PO:I","['10', nan]",,,"284,79","216,959",
47,04528,BATALLON DE CG. DE LA BRIGADA «EXTREMADURA» XI,50054870,5SA8C/005,PA,C,SGT1 a SGTO,"['ARTC', 'I.LIG', 'MARMT', 'CAB.', 'ING.', nan]",PN:E,"['10', nan]",,,"284,79","697,959",
48,04529,BATALLON DE CG. DE LA BRIGADA «EXTREMADURA» XI,50054870,5SA8C/006,PA,C,SGT1 a SGTO,"['ARTC', 'I.LIG', 'MARMT', 'CAB.', 'ING.', nan]",PN:E,"['10', nan]",,,"284,79","697,959",
49,04530,BATALLON DE CG. DE LA BRIGADA «CANARIAS» XVI,50056348,5SA8C/013,PA,C,SGT1 a SGTO,"['ARTC', 'I.LIG', 'MARMT', 'CAB.', 'ING.', nan]",PN:E,"['10', nan]",,,"284,79","697,959",
50,04531,BATALLON DE POLICIA MILITAR 1,50030003,5SA8C/012,PA,C,SGT1 a SGTO,"['ARTC', 'I.LIG', 'MARMT', 'CAB.', 'ING.', nan]",PN:E,"['10', nan]",,,"284,79","697,959",
51,04532,BATALLON DE POLICIA MILITAR 1,50030003,5SA8C/011,PA,C,SGT1 a SGTO,"['ARTC', 'I.LIG', 'MARMT', 'CAB.', 'ING.', nan]",PN:E,"['10', nan]",,,"284,79","697,959",
52,04533,BATALLON DE CG. DEL CGTAD.,50002381,5SA8C/003,PA,C,SGT1 a SGTO,"['ARTC', 'I.LIG', 'MARMT', 'CAB.', 'ING.', nan]",FI:E,"['10', nan]",,,"284,79","697,959",
53,04534,REGIMIENTO DE PONTONEROS Y ESPECIALIDADES DE INGENIEROS 12,50078704,5SA82/018,PA,C,SGT1 a SGTO,"['ARTC', 'I.LIG', 'MARMT', 'CAB.', 'ING.', nan]",ZP:E,"['10', nan]",,,"284,79",959,
54,04535,REGIMIENTO DE DEFENSA NBQ «VALENCIA» N.o 1,50092974,5SA8C/013,PA,C,SGT1 a SGTO,"['ARTC', 'I.LIG', 'MARMT', 'CAB.', 'ING.', nan]","NQ:I,NB:I","['10', nan]",,,"284,79","697,960",
55,04700,RGTO.DE.INF. «GALICIA» N.o 64 DE CAZADORES DE MONTAÑA,50037163,5SA85/031,PA,C,"['SGT1 a SGTO', nan]","['ARTC', 'I.LIG', 'AAAYC/AAA', 'ELCTN/ELETE', 'AUTOM', 'ING.', nan]",,"['10', nan]",,,"284,79","511,697,959",
56,04701,RGTO. DE INF. «AMERICA» N.o 66 DE CAZADORES DE MONTAÑA,50038946,5SA85/006,PA,C,"['SGT1 a SGTO', nan]","['ARTC', 'I.LIG', 'AAAYC/AAA', 'ELCTN/ELETE', 'AUTOM', 'ING.', nan]",,"['10', nan]",,,"284,79","511,697,959",
57,04702,RGTO.DE.INF. «GALICIA» N.o 64 DE CAZADORES DE MONTAÑA,50037163,5WI29/004,PA,C,"['SGT1 a SGTO', nan]","['ARTC', 'I.LIG', 'AAAYC/AAA', 'ELCTN/ELETE', 'AUTOM', 'ING.', nan]",,"['10', nan]",,,"284,79","511,959",
58,04703,CUARTEL GENERAL DEL MANDO DE TROPAS DE MONTAÑA,50083231,5WI3C/001,PA,C,"['SGT1 a SGTO', nan]","['ARTC', 'I.LIG', 'AAAYC/AAA', 'ELCTN/ELETE', 'AUTOM', 'ING.', nan]",,"['10', nan]",,,"284,79","656,960",
59,04704,REGIMIENTO MIXTO DE ARTILLERIA 30,50056218,5SA79/002,PA,C,"['SGT1 a SGTO', nan]","['ARTC', 'I.LIG', 'AAAYC/AAA', 'ELCTN/ELETE', 'AUTOM', 'ING.', nan]",,"['10', nan]",,,"257,83","511,697,960",
60,04705,REGIMIENTO MIXTO DE ARTILLERIA 30,50056218,5SA79/005,PA,C,"['SGT1 a SGTO', nan]","['ARTC', 'I.LIG', 'AAAYC/AAA', 'ELCTN/ELETE', 'AUTOM', 'ING.', nan]",,"['10', nan]",,,"257,83","697,959",
61,04706,GRUPO DE REGULARES DE CEUTA 54,50090805,5SA85/002,PA,C,"['SGT1 a SGTO', nan]","['ARTC', 'I.LIG', 'AAAYC/AAA', 'ELCTN/ELETE', 'AUTOM', 'ING.', nan]",,"['10', nan]",,,"257,83","511,697,959",
62,04707,GRUPO DE REGULARES DE CEUTA 54,50090805,5SA85/007,PA,C,"['SGT1 a SGTO', nan]","['ARTC', 'I.LIG', 'AAAYC/AAA', 'ELCTN/ELETE', 'AUTOM', 'ING.', nan]",,"['10', nan]",,,"257,83","511,697,959",
63,04708,REGIMIENTO MIXTO DE ARTILLERIA 30,50056218,5SA79/013,PA,C,"['SGT1 a SGTO', nan]","['ARTC', 'I.LIG', 'AAAYC/AAA', 'ELCTN/ELETE', 'AUTOM', 'ING.', nan]",,"['10', nan]",,,"257,83","511,697,959",
64,04709,REGIMIENTO MIXTO DE ARTILLERIA 30,50056218,5SA87/008,PA,C,"['SGT1 a SGTO', nan]","['ARTC', 'I.LIG', 'AAAYC/AAA', 'ELCTN/ELETE', 'AUTOM', 'ING.', nan]",,"['10', nan]",,,"257,83","697,959",
65,04710,REGIMIENTO DE INGENIEROS 7,50025389,5SA82/008,PA,C,"['SGT1 a SGTO', nan]","['ARTC', 'I.LIG', 'AAAYC/AAA', 'ELCTN/ELETE', 'AUTOM', 'ING.', nan]",,"['10', nan]",,,"257,83","511,697,959",
66,04711,REGIMIENTO DE INGENIEROS 7,50025389,5SA82/001,PA,C,"['SGT1 a SGTO', nan]","['ARTC', 'I.LIG', 'AAAYC/AAA', 'ELCTN/ELETE', 'AUTOM', 'ING.', nan]",,"['10', nan]",,,"257,83","511,697,959",
67,04766,BANDERA DE CG. BRIGADA «REY ALFONSO XIII» II DE LA LEGION,50040408,5SB10/011,PA,C,SGTO,TRA.,,"['10', nan]",,,"257,83","539,959",
68,04767,REGIMIENTO DE INFANTERIA «TERCIO VIEJO DE SICILIA» N.67,50027576,5SA85/008,PA,C,SGT1 a SGTO,I.LIG,,"['10', nan]",,,"284,79","511,697,959",
69,04768,REGIMIENTO DE INFANTERIA «TERCIO VIEJO DE SICILIA» N.67,50027576,5SA85/005,PA,C,SGT1 a SGTO,I.LIG,,"['10', nan]",,,"284,79","511,697,959",
70,04769,REGIMIENTO DE INFANTERIA «GARELLANO» 45,50063527,5SA85/008,PA,C,SGT1 a SGTO,I.LIG,,"['10', nan]",,,"284,79","511,697,959",
71,04770,REGIMIENTO DE INFANTERIA «GARELLANO» 45,50063527,5SA85/006,PA,C,SGT1 a SGTO,I.LIG,,"['10', nan]",,,"284,79","511,697,959",
72,04771,REGIMIENTO DE INFANTERIA «ARAPILES» N.o 62,51018912,5SA77/012,PA,C,SGT1 a SGTO,I.LIG/IACMZ,,"['10', nan]",,,"257,83","511,697,960",
73,04772,REGIMIENTO DE INFANTERIA «ARAPILES» N.o 62,51018912,5SA77/003,PA,C,SGT1 a SGTO,I.LIG/IACMZ,,"['10', nan]",,,"257,83","511,697,959",
74,04773,REGIMIENTO ACORAZADO «ALCAZAR DE TOLEDO» 61,50023973,5SA75/075,PA,C,SGT1 a SGTO,IACMZ,,"['10', nan]",,,"257,83","511,697,959",
75,04774,REGIMIENTO ACORAZADO «ALCAZAR DE TOLEDO» 61,50023973,5SA75/033,PA,C,SGT1 a SGTO,IACMZ,,"['10', nan]",,,"257,83","511,697,959",
76,04775,REGIMIENTO DE INFANTERIA «SABOYA» N.o 6,50032388,5SA75/009,PA,C,SGT1 a SGTO,IACMZ,,"['10', nan]",,,"257,83","511,697,959",
77,04776,REGIMIENTO DE INFANTERIA «SABOYA» N.o 6,50032388,5SA75/010,PA,C,SGT1 a SGTO,IACMZ,,"['10', nan]",,,"257,83","511,697,959",
78,04777,REGIMIENTO DE INFANTERIA «SABOYA» N.o 6,50032388,5SA75/002,PA,C,SGT1 a SGTO,IACMZ,,"['10', nan]",,,"257,83","511,697,959",
79,04778,REGIMIENTO DE INFANTERIA «SABOYA» N.o 6,50032388,5SA75/003,PA,C,SGT1 a SGTO,IACMZ,,"['10', nan]",,,"257,83","511,697,959",
80,04779,REGIMIENTO DE INFANTERIA «ASTURIAS» 31,50041285,5SA75/016,PA,C,SGT1 a SGTO,IACMZ,,"['10', nan]",,,"257,83","511,697,959",
81,04780,REGIMIENTO DE INFANTERIA «ASTURIAS» 31,50041285,5SA75/001,PA,C,SGT1 a SGTO,IACMZ,,"['10', nan]",,,"257,83","511,697,959",
82,04781,REGIMIENTO DE INFANTERIA «ASTURIAS» 31,50041285,5SA75/015,PA,C,SGT1 a SGTO,IACMZ,,"['10', nan]",,,"257,83","511,697,959",
83,04782,REGIMIENTO ACORAZADO «CORDOBA» N.o 10,50071813,5SA75/006,PA,C,SGT1 a SGTO,IACMZ,,"['10', nan]",,,"257,83","511,697,959",
84,04783,REGIMIENTO ACORAZADO «CORDOBA» N.o 10,50071813,5SA75/007,PA,C,SGT1 a SGTO,IACMZ,,"['10', nan]",,,"257,83","511,697,959",
85,04784,REGIMIENTO DE INFANTERIA «LA REINA» N.o 2,50072850,5SA75/029,PA,C,SGT1 a SGTO,IACMZ,,"['10', nan]",,,"257,83","511,697,959",
86,04785,REGIMIENTO ACORAZADO «CASTILLA» N.o 16,50084266,5SA75/012,PA,C,SGT1 a SGTO,IACMZ,,"['10', nan]",,,"257,83","511,697,959",
87,04786,REGIMIENTO ACORAZADO «PAVIA»4,51094394,5SA78/005,PA,C,SGT1 a SGTO,CAB.,,"['10', nan]",,,"257,83","511,697,959",
88,04787,REGIMIENTO ACORAZADO «PAVIA»4,51094394,5SA78/015,PA,C,SGT1 a SGTO,CAB.,,"['10', nan]",,,"257,83","511,697,959",
89,04788,BATALLON DE ZAPADORES X,50023596,5SA82/009,PA,C,SGT1 a SGTO,ING.,,"['10', nan]",,,"257,83","511,697,960",
90,04789,BATALLON DE ZAPADORES XII,50092383,5SA82/011,PA,C,SGT1 a SGTO,ING.,,"['10', nan]",,,"257,83","511,697,959",
91,04790,BATALLON DE ZAPADORES I,51081222,5SA82/006,PA,C,SGT1 a SGTO,ING.,,"['10', nan]",,,"257,83","511,697,960",
92,04791,BATALLON DE ZAPADORES I,51081222,5SA82/012,PA,C,SGT1 a SGTO,ING.,,"['10', nan]",,,"257,83","511,697,960",
93,04792,REGIMIENTO DE INFANTERIA «GARELLANO» 45,50063527,5SA84/001,PA,C,SGT1 a SGTO,TRA.,,"['10', nan]",,,"284,79","696,959",
94,04847,REGIMIENTO DE PONTONEROS Y ESPECIALIDADES DE INGENIEROS 12,50078704,5SA82/039,PA,C,SGT1 a SGTO,"['ARTC', 'MANME', 'ADMON', 'TRA.', 'INFOT', 'AAAYC/AAA', 'MARMT', 'MAERN', 'AUTOM', 'ING.', nan]",,"['10', nan]",,,"257,83","511,697,960",
95,04848,REGIMIENTO DE PONTONEROS Y ESPECIALIDADES DE INGENIEROS 12,50078704,5SA82/020,PA,C,SGT1 a SGTO,"['ARTC', 'MANME', 'ADMON', 'TRA.', 'INFOT', 'AAAYC/AAA', 'MARMT', 'MAERN', 'AUTOM', 'ING.', nan]",,"['10', nan]",,,"257,83","511,697,959",
96,04849,CUARTEL GENERAL DEL MANDO DE TRANSMISIONES,50085418,5SA84/002,PA,C,SGT1 a SGTO,"['ARTC', 'MANME', 'ADMON', 'TRA.', 'INFOT', 'AAAYC/AAA', 'MARMT', 'MAERN', 'AUTOM', 'ING.', nan]",,"['10', nan]",,,"257,83","656,697,959",
97,04850,REGIMIENTO DE ARTILLERIA LC. DE CAMPAÑA 63,50094413,5SA84/001,PA,C,SGT1 a SGTO,"['ARTC', 'MANME', 'ADMON', 'TRA.', 'INFOT', 'AAAYC/AAA', 'MARMT', 'MAERN', 'AUTOM', 'ING.', nan]",,"['10', nan]",,,"257,83","696,959",
98,04851,GRUPO DE CUARTEL GENERAL DEL MANDO DE OPERACIONES ESPECIALES,50046137,5WI32/001,PA,C,SGT1 a SGTO,"['ARTC', 'MANME', 'ADMON', 'TRA.', 'INFOT', 'AAAYC/AAA', 'MARMT', 'MAERN', 'AUTOM', 'ING.', nan]",,"['10', nan]",,,"284,79",960,
99,04852,GRUPO DE OPERACIONES ESPECIALES «TERCIO DEL AMPURDAN» IV,50071564,5WI32/001,PA,C,SGT1 a SGTO,"['ARTC', 'MANME', 'ADMON', 'TRA.', 'INFOT', 'AAAYC/AAA', 'MARMT', 'MAERN', 'AUTOM', 'ING.', nan]",,"['10', nan]",,,"284,79",959,
100,04853,REGIMIENTO DE ESPECIALIDADES DE INGENIEROS 11,50048723,5WI40/003,PA,C,SGT1 a SGTO,"['ARTC', 'MANME', 'ADMON', 'TRA.', 'INFOT', 'AAAYC/AAA', 'MARMT', 'MAERN', 'AUTOM', 'ING.', nan]",,"['10', nan]",,,"257,83",959,
101,04854,UNIDAD DE TRANSMISIONES DEL MAAA. (DOS HERMANAS),50046889,5WI29/004,PA,C,SGT1 a SGTO,"['ARTC', 'MANME', 'ADMON', 'TRA.', 'INFOT', 'AAAYC/AAA', 'MARMT', 'MAERN', 'AUTOM', 'ING.', nan]",,"['10', nan]",,,"257,83",959,
102,04855,REGIMIENTO DE ARTILLERIA ANTIAEREA 73 (MARINES),50047508,5WI29/001,PA,C,SGT1 a SGTO,"['ARTC', 'MANME', 'ADMON', 'TRA.', 'INFOT', 'AAAYC/AAA', 'MARMT', 'MAERN', 'AUTOM', 'ING.', nan]",,"['10', nan]",,,"257,83","511,959",
103,04856,BATALLON DE HELICOPTEROS DE TRANSPORTE V,50017316,5WI3A/029,PA,C,SGT1 a SGTO,"['ARTC', 'MANME', 'ADMON', 'TRA.', 'INFOT', 'AAAYC/AAA', 'MARMT', 'MAERN', 'AUTOM', 'ING.', nan]",,"['10', nan]",,,"284,79","511,656,959",
104,04857,BATALLON DE HELICOPTEROS DE TRANSPORTE V,50017316,5WI3A/031,PA,C,SGT1 a SGTO,"['ARTC', 'MANME', 'ADMON', 'TRA.', 'INFOT', 'AAAYC/AAA', 'MARMT', 'MAERN', 'AUTOM', 'ING.', nan]",,"['10', nan]",,,"284,79","511,656,959",
105,04858,UNIDAD LOGISTICA DEL MANDO DE OPERACIONES ESPECIALES,50090748,5WI33/004,PA,C,SGT1 a SGTO,"['ARTC', 'MANME', 'ADMON', 'TRA.', 'INFOT', 'AAAYC/AAA', 'MARMT', 'MAERN', 'AUTOM', 'ING.', nan]",,"['10', nan]",,,"284,79",959,
106,04859,BATALLON DE CG. DE LAS FAMET,50045588,5WI35/001,PA,C,SGT1 a SGTO,"['ARTC', 'MANME', 'ADMON', 'TRA.', 'INFOT', 'AAAYC/AAA', 'MARMT', 'MAERN', 'AUTOM', 'ING.', nan]",,"['10', nan]",,,"284,79",959,
107,04860,GRUPO DE CUARTEL GENERAL DEL MANDO DE OPERACIONES ESPECIALES,50046137,5WI35/003,PA,C,SGT1 a SGTO,"['ARTC', 'MANME', 'ADMON', 'TRA.', 'INFOT', 'AAAYC/AAA', 'MARMT', 'MAERN', 'AUTOM', 'ING.', nan]",,"['10', nan]",,,"284,79","73,960",
108,04861,BATALLON DE HELICOPTEROS DE ATAQUE I,50065595,5SA8C/004,PA,C,SGT1 a SGTO,"['ARTC', 'MANME', 'ADMON', 'TRA.', 'INFOT', 'AAAYC/AAA', 'MARMT', 'MAERN', 'AUTOM', 'ING.', nan]",,"['10', nan]",,,"257,83","197,511,697,959",
109,04862,UNIDAD LOGISTICA DEL MANDO DE OPERACIONES ESPECIALES,50090748,5SA8C/006,PA,C,SGT1 a SGTO,"['ARTC', 'MANME', 'ADMON', 'TRA.', 'INFOT', 'AAAYC/AAA', 'MARMT', 'MAERN', 'AUTOM', 'ING.', nan]",,"['10', nan]",,,"284,79","197,511,697,959",
110,04863,UNIDAD LOGISTICA DEL MANDO DE OPERACIONES ESPECIALES,50090748,5SA8C/007,PA,C,SGT1 a SGTO,"['ARTC', 'MANME', 'ADMON', 'TRA.', 'INFOT', 'AAAYC/AAA', 'MARMT', 'MAERN', 'AUTOM', 'ING.', nan]",,"['10', nan]",,,"284,79","197,511,697,959",
111,04864,REGIMIENTO DE ARTILLERIA DE CAMPAÑA 11,50078337,5SB05/005,PA,C,SGTO,"['ARTC', 'MANME', 'ADMON', 'TRA.', 'INFOT', 'AAAYC/AAA', 'MARMT', 'MAERN', 'AUTOM', 'ING.', nan]",,"['10', nan]",,,"257,83","511,959",
112,04865,REGIMIENTO DE ARTILLERIA LC. DE CAMPAÑA 63,50094413,5SB05/004,PA,C,SGTO,"['ARTC', 'MANME', 'ADMON', 'TRA.', 'INFOT', 'AAAYC/AAA', 'MARMT', 'MAERN', 'AUTOM', 'ING.', nan]",,"['10', nan]",,,"257,83","511,960",
113,04866,REGIMIENTO DE ARTILLERIA ANTIAEREA 74,50060244,5SB30/001,PA,C,SGTO,"['ARTC', 'MANME', 'ADMON', 'TRA.', 'INFOT', 'AAAYC/AAA', 'MARMT', 'MAERN', 'AUTOM', 'ING.', nan]",,"['10', nan]",,,"257,83",960,
114,04867,REGIMIENTO DE ESPECIALIDADES DE INGENIEROS 11,50048723,5SB09/022,PA,C,SGTO,"['ARTC', 'MANME', 'ADMON', 'TRA.', 'INFOT', 'AAAYC/AAA', 'MARMT', 'MAERN', 'AUTOM', 'ING.', nan]",,"['10', nan]",,,"257,83","511,959",
115,04868,REGIMIENTO DE INGENIEROS 1,50081154,5SB09/022,PA,C,SGTO,"['ARTC', 'MANME', 'ADMON', 'TRA.', 'INFOT', 'AAAYC/AAA', 'MARMT', 'MAERN', 'AUTOM', 'ING.', nan]",,"['10', nan]",,,"257,83","511,959",
116,04869,REGIMIENTO DE INGENIEROS 1,50081154,5SB09/011,PA,C,SGTO,"['ARTC', 'MANME', 'ADMON', 'TRA.', 'INFOT', 'AAAYC/AAA', 'MARMT', 'MAERN', 'AUTOM', 'ING.', nan]",,"['10', nan]",,,"257,83","511,959",
117,04870,UNIDAD LOGISTICA DEL MANDO DE OPERACIONES ESPECIALES,50090748,5SB24/001,PA,C,SGTO,"['ARTC', 'MANME', 'ADMON', 'TRA.', 'INFOT', 'AAAYC/AAA', 'MARMT', 'MAERN', 'AUTOM', 'ING.', nan]",,"['10', nan]",,,"257,83","197,511,959",
118,04871,REGIMIENTO DE TRANSMISIONES 22 (SEVILLA),50035129,5SA84/003,PA,C,SGT1 a SGTO,"['ARTC', 'MANME', 'ADMON', 'TRA.', 'INFOT', 'AAAYC/AAA', 'MARMT', 'MAERN', 'AUTOM', 'ING.', nan]",,"['10', nan]",,,"207,22","656,696,960",
119,04872,REGIMIENTO DE TRANSMISIONES 22 (SEVILLA),50035129,5SA84/005,PA,C,SGT1 a SGTO,"['ARTC', 'MANME', 'ADMON', 'TRA.', 'INFOT', 'AAAYC/AAA', 'MARMT', 'MAERN', 'AUTOM', 'ING.', nan]",,"['10', nan]",,,"207,22","656,696,960",
120,04873,REGIMIENTO DE TRANSMISIONES 22 (S.C. SASEBAS),50038747,5SA84/001,PA,C,SGT1 a SGTO,"['ARTC', 'MANME', 'ADMON', 'TRA.', 'INFOT', 'AAAYC/AAA', 'MARMT', 'MAERN', 'AUTOM', 'ING.', nan]",,"['10', nan]",,,"207,22","511,656,696,959",
121,04928,ACADEMIA DE INFANTERIA,55101713,5WI1G/001,PA,C,SGT1,"['INFOT', 'MAERN', nan]",,"['10', nan]",,,"207,22",959,
122,04929,USAC «PRIMO DE RIVERA»,54130019,5SA66/001,PA,D,SGT1,"['INFOT', 'MAERN', nan]",,"['10', nan]",,,"164,22","197,959",
123,04930,USAC «CAMPOSOTO»,54230036,5SA66/001,PA,D,SGT1,"['INFOT', 'MAERN', nan]",,"['10', nan]",,,"164,22","197,960",
124,04931,USAC «EL BRUCH»,54330024,5SA66/001,PA,D,SGT1,"['INFOT', 'MAERN', nan]",,"['10', nan]",,,"164,22","197,511,960",
125,04932,USBA «OROEL»,54330035,5SA66/001,PA,D,SGT1,"['INFOT', 'MAERN', nan]",,"['10', nan]",,,"164,22","197,959",
126,04933,USBA «SAN JORGE»,54330036,5SA66/001,PA,D,SGT1,"['INFOT', 'MAERN', nan]",,"['10', nan]",,,"164,22","197,960",
127,04934,USAC «SANCHO RAMIREZ»,54341803,5SA66/001,PA,D,SGT1,"['INFOT', 'MAERN', nan]",,"['10', nan]",,,"164,22","197,511,960",
128,04935,USAC «GENERAL ARROQUIA»,54430016,5SA66/001,PA,D,SGT1,"['INFOT', 'MAERN', nan]",,"['10', nan]",,,"164,22","197,960",
129,04936,USBA «CID CAMPEADOR»,54430021,5SA66/001,PA,D,SGT1,"['INFOT', 'MAERN', nan]",,"['10', nan]",,,"164,22","197,511,959",
130,04937,CENTRO DE ADIESTRAMIENTO «SAN GREGORIO»,55100021,5SA66/002,PA,D,SGT1,"['INFOT', 'MAERN', nan]",,"['10', nan]",,,"184,24","197,959",
131,04938,CENTRO DE ADIESTRAMIENTO «SAN GREGORIO»,55100021,5SA66/006,PA,C,SGT1,"['INFOT', 'MAERN', nan]",,"['10', nan]",,,"257,83","165,197,511,959",
132,04939,ACADEMIA DE AVIACION DE EJÉRCITO DE TIERRA,55111893,5WI3A/006,PA,C,SGT1 a SGTO,"['INFOT', 'MAERN', nan]",,"['10', nan]",,,"184,24","511,696,960",
133,04940,ACADEMIA DE AVIACION DE EJÉRCITO DE TIERRA,55111893,5WI3A/007,PA,C,SGT1 a SGTO,"['INFOT', 'MAERN', nan]",,"['10', nan]",,,"184,24","511,696,960",
134,04941,ACADEMIA DE AVIACION DE EJÉRCITO DE TIERRA,55111893,5WI3A/001,PA,C,SGT1 a SGTO,"['INFOT', 'MAERN', nan]",,"['10', nan]",,,"184,24","696,960",
135,04942,PARQUE Y CENTRO DE MANTO. DE HELICOPTEROS,57200016,5WI3A/002,PA,C,SGT1 a SGTO,"['INFOT', 'MAERN', nan]",,"['10', nan]",,,"207,22","656,696,959",
136,04943,PARQUE Y CENTRO DE MANTO. DE HELICOPTEROS,57200016,5WI3A/014,PA,C,SGT1 a SGTO,"['INFOT', 'MAERN', nan]",,"['10', nan]",,,"207,22","656,696,960",
137,04944,PARQUE Y CENTRO DE MANTO. DE HELICOPTEROS,57200016,5WI3A/005,PA,C,SGT1 a SGTO,"['INFOT', 'MAERN', nan]",,"['10', nan]",,,"207,22","656,696,960",
138,04945,PARQUE Y CENTRO DE MANTO. DE HELICOPTEROS (ALMAGRO),57229334,5WI3A/001,PA,C,SGT1 a SGTO,"['INFOT', 'MAERN', nan]",,"['10', nan]",,,"207,22","656,696,960",
139,04946,PARQUE Y CENTRO DE MANTO. DE HELICOPTEROS (AGONCILLO),57274415,5WI3A/001,PA,C,SGT1 a SGTO,"['INFOT', 'MAERN', nan]",,"['10', nan]",,,"207,22","656,696,960",
140,01027,DIRECCION DE PERSONAL,MADRID,56200003,LD,Z,CBMY,"['HAM', nan]","['PZ:E', nan]",,,,"207,22","656,960",003
141,01028,GABINETE DEL JEME.,MADRID,50120101,LD,D,CBO,"['HAM', nan]","['PZ:E', nan]",,,,"147,87","56B,56C,656,960",002
142,01029,REGIMIENTO DE INFANTERIA «INMEMORIAL DEL REY» 1 CGE,MADRID,58000001,LD,C,CBO,"['HAM', nan]","['PZ:E', nan]",,,,"147,87","466,756,959",001
143,01030,USAC «ZARCO DEL VALLE»,MADRID,54130011,LD,C,CB1,"['HAM', nan]","['PZ:E', nan]",,,,"131,54","159,56B,56C,960",001
144,01031,USBA «GENERAL CAVALCANTI»,POZUELO DE ALARCON (MADRID),54130015,LD,Z,CBMY,"['HAM', nan]","['PZ:E', nan]",,,,"164,22","511,960",001
145,01032,REGIMIENTO DE INFANTERIA «SORIA» 9,"PUERTO DEL ROSARIO (PALMAS, LAS)",50013880,LD,Z,CBMY,"['HAM', nan]","['PZ:E', nan]",,,,"257,83","511,959",001
146,01033,GRUPO LOGISTICO VII,PONTEVEDRA,50030031,LD,Z,CBMY,"['HAM', nan]","['PZ:E', nan]",,,,"257,83",959,001
147,01034,GRUPO LOGISTICO VII,PONTEVEDRA,50030031,LD,Z,CBMY,"['HAM', nan]","['PZ:E', nan]",,,,"257,83","511,959",001
148,01035,BATALLON DE HELICOPTEROS DE MANIOBRA III,"AGONCILLO (RIOJA, LA)",50033115,LD,Z,CBMY,"['HAM', nan]","['PZ:E', nan]",,,,"257,83",959,001
149,01036,AGRUPACION DE APOYO LOGISTICO N.o 81.,SAN CRISTOBAL DE LA LAGUNA (S. CRUZ TEN.),50038203,LD,Z,CBMY,"['HAM', nan]","['PZ:E', nan]",,,,"257,83",959,001
150,01037,AGRUPACION DE APOYO LOGISTICO N.o 81.,SAN CRISTOBAL DE LA LAGUNA (S. CRUZ TEN.),50038203,LD,Z,CBMY,"['HAM', nan]","['PZ:E', nan]",,,,"231,83","511,959",001
151,01038,ESCUELA DE GUERRA DEL EJÉRCITO DE TIERRA (TOLEDO),TOLEDO,55194251,LD,D,SDO,"['HAM', nan]","['PZ:E', nan]",,,,"131,54","756,960",001
152,01039,BATALLON DE HELICOPTEROS DE EMERGENCIAS II (BETERA),BETERA (VALENCIA),50075516,LD,C,CBO a SDO,"['HAM', nan]","['PZ:E', nan]",,,,"184,24","794,959",002
153,01040,ACADEMIA DE LOGISTICA,CALATAYUD (ZARAGOZA),55100035,LD,C,CB1,"['HAM', nan]","['PZ:E', nan]",,,,"147,87","756,959",004
154,01041,ACADEMIA DE LOGISTICA,CALATAYUD (ZARAGOZA),55100035,LD,X,CB1 a CBO,"['HAM', nan]","['PZ:E', nan]",,,,"147,87","756,960",003
155,01042,ACADEMIA DE LOGISTICA,CALATAYUD (ZARAGOZA),55100035,LD,X,CBO,"['HAM', nan]","['PZ:E', nan]",,,,"147,87","56B,56C,756,960",005
156,01043,ACADEMIA DE LOGISTICA,CALATAYUD (ZARAGOZA),55100035,LD,D,SDO,"['HAM', nan]","['PZ:E', nan]",,,,"131,54","756,959",003
157,01200,BANDERA O.E. «CAB. LEG. MADERAL OLEAGA» XIX DE LA LEGION,ALICANTE,50046681,PA,C,CB1 a CBO,"['ING', 'HAM', 'AMV', nan]",OB:E,,,,"231,83",959,001
158,01201,GRUPO DE CUARTEL GENERAL DEL MANDO DE OPERACIONES ESPECIALES,ALICANTE,50046137,PA,C,CB1 a CBO,"['ING', 'HAM', 'AMV', nan]",OB:E,,,,"231,83","756,959",005
159,01202,GRUPO DE CUARTEL GENERAL DEL MANDO DE OPERACIONES ESPECIALES,ALICANTE,50046137,PA,C,CB1 a CBO,"['ING', 'HAM', 'AMV', nan]",OB:E,,,,"231,83",959,002
160,01203,GRUPO DE CUARTEL GENERAL DEL MANDO DE OPERACIONES ESPECIALES,ALICANTE,50046137,PA,C,CBO a SDO,"['ING', 'HAM', 'AMV', nan]",OB:E,,,,"207,22",959,002
161,01204,GRUPO DE OPERACIONES ESPECIALES «TERCIO DEL AMPURDAN» IV,ALICANTE,50071564,PA,C,CB1 a CBO,"['ING', 'HAM', 'AMV', nan]",OB:E,,,,"231,83",959,001
162,01205,CENTRO DE FORMACION DE TROPA NUM.1,CACERES,55130004,PA,C,CB1,"['ING', 'HAM', 'AMV', nan]",ME:E,,,,"147,87","56B,56C,792,960",001
163,01206,CENTRO DE FORMACION DE TROPA NUM.2,SAN FERNANDO (CADIZ),55130005,PA,C,CB1,"['ING', 'HAM', 'AMV', nan]",ME:E,,,,"147,87","56B,56C,792,960",001
164,01207,ULOG. 23 (CEUTA),CEUTA,50015287,PA,C,CB1,"['ING', 'HAM', 'AMV', nan]",ME:E,,,,"184,24","792,959",001
165,01208,GRUPO LOGISTICO X,CORDOBA,50086388,PA,C,CB1,"['ING', 'HAM', 'AMV', nan]",ME:E,,,,"207,22","792,959",002
166,01209,BATALLON DE CG. DE LA DIVISION «CASTILLEJOS»,HUESCA,50025936,PA,C,CBO,"['ING', 'HAM', 'AMV', nan]",PZ:E,,,,"147,87",959,002
167,01210,BATALLON DE CG. DE LA DIVISION «CASTILLEJOS»,HUESCA,50025936,PA,C,SDO,"['ING', 'HAM', 'AMV', nan]",PZ:E,,,,"147,87","594,959",002
168,01211,AGRUPACION DE APOYO LOGISTICO N.o 11. (COLMENAR),COLMENAR VIEJO (MADRID),50047849,PA,C,CB1,"['ING', 'HAM', 'AMV', nan]",ME:E,,,,"184,24","56B,56C,960",001
169,01212,"BCG DE LA BRIGADA «ALMOGÁVARES» VI, DE PARACAIDISTAS",PARACUELLOS DE JARAMA (MADRID),50027882,PA,C,CB1,"['ING', 'HAM', 'AMV', nan]",P9:E,,,,"231,83",959,002
170,01213,"BCG DE LA BRIGADA «ALMOGÁVARES» VI, DE PARACAIDISTAS",PARACUELLOS DE JARAMA (MADRID),50027882,PA,C,CB1,"['ING', 'HAM', 'AMV', nan]","PT:I,PO:I",,,,"231,83","216,959",004
171,01214,"BCG DE LA BRIGADA «ALMOGÁVARES» VI, DE PARACAIDISTAS",PARACUELLOS DE JARAMA (MADRID),50027882,PA,C,CBO,"['ING', 'HAM', 'AMV', nan]","PT:I,PO:I",,,,"207,22","216,959",008
172,01215,"BCG DE LA BRIGADA «ALMOGÁVARES» VI, DE PARACAIDISTAS",PARACUELLOS DE JARAMA (MADRID),50027882,PA,C,SDO,"['ING', 'HAM', 'AMV', nan]","PT:I,PO:I",,,,"207,22","216,594,959",010
173,01216,BATALLON DE ZAPADORES VI,PARACUELLOS DE JARAMA (MADRID),50056870,PA,C,SDO,"['ING', 'HAM', 'AMV', nan]","PT:I,PO:I",,,,"207,22","216,959",001
174,01217,GRUPO DE ARTILLERIA DE CAMPAÑA VI,PARACUELLOS DE JARAMA (MADRID),50091180,PA,C,CB1 a CBO,"['ING', 'HAM', 'AMV', nan]","PT:I,PO:I",,,,"207,22","216,959",001
175,01218,GRUPO LOGISTICO VI,PARACUELLOS DE JARAMA (MADRID),50058677,PA,C,CB1,"['ING', 'HAM', 'AMV', nan]","PT:I,PO:I,ME:E",,,,"231,83","216,959",002
176,01219,GRUPO LOGISTICO VI,PARACUELLOS DE JARAMA (MADRID),50058677,PA,C,CB1,"['ING', 'HAM', 'AMV', nan]","PT:I,PO:I",,,,"231,83",959,001
177,01220,GRUPO LOGISTICO VI,PARACUELLOS DE JARAMA (MADRID),50058677,PA,C,CB1,"['ING', 'HAM', 'AMV', nan]","PT:I,PO:I",,,,"231,83","216,959",006
178,01221,GRUPO LOGISTICO VI,PARACUELLOS DE JARAMA (MADRID),50058677,PA,C,CB1 a CBO,"['ING', 'HAM', 'AMV', nan]","PT:I,PO:I",,,,"207,22","216,959",001
179,01222,GRUPO LOGISTICO VI,PARACUELLOS DE JARAMA (MADRID),50058677,PA,C,CBO,"['ING', 'HAM', 'AMV', nan]","PT:I,PO:I",,,,"207,22","216,959",012
180,01223,GRUPO LOGISTICO VI,PARACUELLOS DE JARAMA (MADRID),50058677,PA,C,SDO,"['ING', 'HAM', 'AMV', nan]","PT:I,PO:I,ME:E",,,,"207,22","216,594,959",004
181,01224,GRUPO LOGISTICO XII,MADRID,50045610,PA,C,CB1,"['ING', 'HAM', 'AMV', nan]",ME:E,,,,"207,22","514,792,959",001
182,01225,REGIMIENTO DE INFANTERIA «NAPOLES» N.o 4 DE PARACAIDISTAS,PARACUELLOS DE JARAMA (MADRID),50041489,PA,C,CB1 a CBO,"['ING', 'HAM', 'AMV', nan]","PT:I,PO:I",,,,"207,22","216,959",001
183,01226,BATALLON DE CG. DE LA COMGE. DE MELILLA,MELILLA,50066651,PA,C,SDO,"['ING', 'HAM', 'AMV', nan]",PZ:E,,,,"147,87","594,959",002
184,01228,BATALLON DE CG. DE LA BRIGADA «GALICIA» VII,PONTEVEDRA,50027771,PA,C,CBO,"['ING', 'TRS', nan]",PZ:E,,,,"184,24",959,001
185,01229,BATALLON DE CG. DEL CGTAD.,BETERA (VALENCIA),50002381,PA,C,CB1,"['ING', 'TRS', nan]",ME:E,,,,"207,22","792,959",001
186,01230,BATALLON DE POLICIA MILITAR 1,BETERA (VALENCIA),50030003,PA,C,CBO,"['ING', 'TRS', nan]",PZ:E,,,,"184,24",959,002
187,01231,BATALLON DE POLICIA MILITAR 1,BETERA (VALENCIA),50030003,PA,C,SDO,"['ING', 'TRS', nan]",PZ:E,,,,"164,22","594,959",006
188,01232,REGIMIENTO DE CABALLERIA «LUSITANIA» N.o 8,MARINES (VALENCIA),50072765,PA,C,CB1,"['ING', 'TRS', nan]","PT:I,PO:I",,,,"231,83","216,959",001
189,01233,AGRUPACION DE APOYO LOGISTICO N.o 41. (ZARAGOZA),ZARAGOZA,50030461,PA,C,CB1,"['ING', 'TRS', nan]",ME:E,,,,"184,24",960,001
190,01234,CENTRO DE ADIESTRAMIENTO «SAN GREGORIO»,ZARAGOZA,55100021,PA,C,CB1,"['ING', 'TRS', nan]",ME:E,,,,"147,87","56B,56C,960",003
191,01235,CENTRO DE ADIESTRAMIENTO «SAN GREGORIO»,ZARAGOZA,55100021,PA,C,CB1,"['ING', 'TRS', nan]",ME:E,,,,"147,87","56B,56C,792,960",004
192,01236,CENTRO DE ADIESTRAMIENTO «SAN GREGORIO»,ZARAGOZA,55100021,PA,X,CBO,"['ING', 'TRS', nan]",ME:E,,,,"131,54","56B,56C,960",009
193,01237,REGIMIENTO DE PONTONEROS Y ESPECIALIDADES DE INGENIEROS 12,ZARAGOZA,50078704,PA,C,CBO a SDO,"['ING', 'TRS', nan]",BA:E,,,,"207,22","655,959",001
194,01400,CUARTEL GENERAL DEL MANDO DE APOYO A LA MANIOBRA,A CORUÑA,50036450,PA,C,CB1 a SDO,"['ADM', 'AMV', 'MAAM', 'TRS', 'MCH', 'ILG/IMZ', 'MUS', nan]",,,,,"147,87","511,753,960",001
195,01401,REGIMIENTO DE TRANSMISIONES 22 (LA CORUÑA),A CORUÑA,50033792,PA,C,CB1,"['ADM', 'AMV', 'MAAM', 'TRS', 'MCH', 'ILG/IMZ', 'MUS', nan]",,,,,"147,87","56B,959",001
196,01402,REGIMIENTO DE TRANSMISIONES 22 (LA CORUÑA),A CORUÑA,50033792,PA,C,CBO,"['ADM', 'AMV', 'MAAM', 'TRS', 'MCH', 'ILG/IMZ', 'MUS', nan]",,,,,"147,87","56B,56C,656,960",001
197,01403,REGIMIENTO DE TRANSMISIONES 22 (LA CORUÑA),A CORUÑA,50033792,PA,D,SDO,"['ADM', 'AMV', 'MAAM', 'TRS', 'MCH', 'ILG/IMZ', 'MUS', nan]",,,,,"147,87","511,56B,656,959",001
198,01404,CENTRO DE ADIESTRAMIENTO «CHINCHILLA»,CHINCHILLA DE MONTE-ARAGON (ALBACETE),55100020,PA,X,CBO,"['ADM', 'AMV', 'MAAM', 'TRS', 'MCH', 'ILG/IMZ', 'MUS', nan]",,,,,"131,54","511,56B,56C,960",001
199,01405,CENTRO DE ADIESTRAMIENTO «CHINCHILLA»,CHINCHILLA DE MONTE-ARAGON (ALBACETE),55100020,PA,D,SDO,"['ADM', 'AMV', 'MAAM', 'TRS', 'MCH', 'ILG/IMZ', 'MUS', nan]",,,,,"118,14","56B,56C,960",003
200,01406,GRUPO DE CUARTEL GENERAL DEL MANDO DE OPERACIONES ESPECIALES,ALICANTE,50046137,PA,C,CB1,"['ADM', 'AMV', 'MAAM', 'TRS', 'MCH', 'ILG/IMZ', 'MUS', nan]",,,,,"207,22",959,008
201,01407,GRUPO DE CUARTEL GENERAL DEL MANDO DE OPERACIONES ESPECIALES,ALICANTE,50046137,PA,C,CBO,"['ADM', 'AMV', 'MAAM', 'TRS', 'MCH', 'ILG/IMZ', 'MUS', nan]",,,,,"207,22",959,008
202,01408,GRUPO DE CUARTEL GENERAL DEL MANDO DE OPERACIONES ESPECIALES,ALICANTE,50046137,PA,C,SDO,"['ADM', 'AMV', 'MAAM', 'TRS', 'MCH', 'ILG/IMZ', 'MUS', nan]",,,,,"184,24","594,959",001
203,01409,GRUPO DE CUARTEL GENERAL DEL MANDO DE OPERACIONES ESPECIALES,ALICANTE,50046137,PA,C,SDO,"['ADM', 'AMV', 'MAAM', 'TRS', 'MCH', 'ILG/IMZ', 'MUS', nan]",,,,,"184,24","511,539,959",002
204,01410,UNIDAD LOGISTICA DEL MANDO DE OPERACIONES ESPECIALES,ALICANTE,50090748,PA,C,CB1 a CBO,"['ADM', 'AMV', 'MAAM', 'TRS', 'MCH', 'ILG/IMZ', 'MUS', nan]",,,,,"184,24",960,001
205,01411,UNIDAD LOGISTICA DEL MANDO DE OPERACIONES ESPECIALES,ALICANTE,50090748,PA,C,CB1 a CBO,"['ADM', 'AMV', 'MAAM', 'TRS', 'MCH', 'ILG/IMZ', 'MUS', nan]",,,,,"184,24",959,001
206,01412,UNIDAD LOGISTICA DEL MANDO DE OPERACIONES ESPECIALES,ALICANTE,50090748,PA,C,CBO,"['ADM', 'AMV', 'MAAM', 'TRS', 'MCH', 'ILG/IMZ', 'MUS', nan]",,,,,"184,24","511,959",010
207,01413,UNIDAD LOGISTICA DEL MANDO DE OPERACIONES ESPECIALES,ALICANTE,50090748,PA,C,CBO a SDO,"['ADM', 'AMV', 'MAAM', 'TRS', 'MCH', 'ILG/IMZ', 'MUS', nan]",,,,,"184,24","511,960",001
208,01414,UNIDAD LOGISTICA DEL MANDO DE OPERACIONES ESPECIALES,ALICANTE,50090748,PA,C,CBO a SDO,"['ADM', 'AMV', 'MAAM', 'TRS', 'MCH', 'ILG/IMZ', 'MUS', nan]",,,,,"184,24","511,959",001
209,01415,UNIDAD LOGISTICA DEL MANDO DE OPERACIONES ESPECIALES,ALICANTE,50090748,PA,C,CBO a SDO,"['ADM', 'AMV', 'MAAM', 'TRS', 'MCH', 'ILG/IMZ', 'MUS', nan]",,,,,"184,24",960,001
210,01416,UNIDAD LOGISTICA DEL MANDO DE OPERACIONES ESPECIALES,ALICANTE,50090748,PA,C,SDO,"['ADM', 'AMV', 'MAAM', 'TRS', 'MCH', 'ILG/IMZ', 'MUS', nan]",,,,,"164,22","511,959",001
211,01417,USAC «ALFEREZ ROJAS NAVARRETE»,ALICANTE,54330023,PA,C,CB1,"['ADM', 'AMV', 'MAAM', 'TRS', 'MCH', 'ILG/IMZ', 'MUS', nan]",,,,,"131,54","56B,56C,960",001
212,01418,USAC «ALFEREZ ROJAS NAVARRETE»,ALICANTE,54330023,PA,X,CBO,"['ADM', 'AMV', 'MAAM', 'TRS', 'MCH', 'ILG/IMZ', 'MUS', nan]",,,,,"118,14","56B,56C,960",002
213,01419,AGRUPACION DE APOYO LOGISTICO N.o 21 (VIATOR),VIATOR (ALMERIA),50086553,PA,C,CBO,"['ADM', 'AMV', 'MAAM', 'TRS', 'MCH', 'ILG/IMZ', 'MUS', nan]",,,,,"147,87","511,960",001
214,01420,AGRUPACION DE APOYO LOGISTICO N.o 21 (VIATOR),VIATOR (ALMERIA),50086553,PA,C,CBO,"['ADM', 'AMV', 'MAAM', 'TRS', 'MCH', 'ILG/IMZ', 'MUS', nan]",,,,,"147,87","511,959",001
215,01421,BANDERA DE CG. BRIGADA «REY ALFONSO XIII» II DE LA LEGION,VIATOR (ALMERIA),50040408,PA,C,CBO,"['ADM', 'AMV', 'MAAM', 'TRS', 'MCH', 'ILG/IMZ', 'MUS', nan]",,,,,"184,24","511,959",002
216,01422,BANDERA DE CG. BRIGADA «REY ALFONSO XIII» II DE LA LEGION,VIATOR (ALMERIA),50040408,PA,C,CBO,"['ADM', 'AMV', 'MAAM', 'TRS', 'MCH', 'ILG/IMZ', 'MUS', nan]",,,,,"184,24","511,959",003
217,01423,BANDERA DE CG. BRIGADA «REY ALFONSO XIII» II DE LA LEGION,VIATOR (ALMERIA),50040408,PA,C,SDO,"['ADM', 'AMV', 'MAAM', 'TRS', 'MCH', 'ILG/IMZ', 'MUS', nan]",,,,,"164,22","511,594,959",010
218,01424,BANDERA DE CG. BRIGADA «REY ALFONSO XIII» II DE LA LEGION,VIATOR (ALMERIA),50040408,PA,C,SDO,"['ADM', 'AMV', 'MAAM', 'TRS', 'MCH', 'ILG/IMZ', 'MUS', nan]",,,,,"164,22","511,594,959",003
219,01425,BATALLON DE ZAPADORES II DE LA LEGION,VIATOR (ALMERIA),50066710,PA,C,CB1 a CBO,"['ADM', 'AMV', 'MAAM', 'TRS', 'MCH', 'ILG/IMZ', 'MUS', nan]",,,,,"184,24","511,959",001
220,01426,BATALLON DE ZAPADORES II DE LA LEGION,VIATOR (ALMERIA),50066710,PA,C,CB1 a CBO,"['ADM', 'AMV', 'MAAM', 'TRS', 'MCH', 'ILG/IMZ', 'MUS', nan]",,,,,"184,24","50X,511,960",001
221,01806,UNIDAD DE APOYO A LA PROYECCION «CRISTOBAL COLON»,SAN SEBASTIAN DE LA GOMERA (S. CRUZ TEN.),54530008,PA,C,CB1,"['CAB', 'IGU', 'ADM', 'AMV', 'ILG/IMZ', 'MUS', 'MEQ', nan]",,,,,"118,14","56B,56C,960",001
222,01807,UNIDAD DE APOYO A LA PROYECCION «CRISTOBAL COLON»,SAN SEBASTIAN DE LA GOMERA (S. CRUZ TEN.),54530008,PA,X,CB1 a CBO,"['CAB', 'IGU', 'ADM', 'AMV', 'ILG/IMZ', 'MUS', 'MEQ', nan]",,,,,"131,54","56B,56C,656,960,989",001
223,01808,UNIDAD DE APOYO A LA PROYECCION «CRISTOBAL COLON»,SAN SEBASTIAN DE LA GOMERA (S. CRUZ TEN.),54530008,PA,C,CBO a SDO,"['CAB', 'IGU', 'ADM', 'AMV', 'ILG/IMZ', 'MUS', 'MEQ', nan]",,,,,"118,14","56B,56C,960,989",001
224,01809,UNIDAD DE APOYO A LA PROYECCION «CRISTOBAL COLON»,SAN SEBASTIAN DE LA GOMERA (S. CRUZ TEN.),54530008,PA,D,SDO,"['CAB', 'IGU', 'ADM', 'AMV', 'ILG/IMZ', 'MUS', 'MEQ', nan]",,,,,"104,96","56B,56C,960",002
225,01810,UNIDAD DE APOYO A LA PROYECCION «ANATOLIO DE FUENTES»,VALVERDE DEL HIERRO (STA CRUZ TENERIFE),54557237,PA,C,CB1,"['CAB', 'IGU', 'ADM', 'AMV', 'ILG/IMZ', 'MUS', 'MEQ', nan]",,,,,"118,14","56B,56C,960",001
226,01811,USAC «HOYA FRIA»,SANTA CRUZ DE TENERIFE (STA. CRUZ TEN.),54530011,PA,C,CB1,"['CAB', 'IGU', 'ADM', 'AMV', 'ILG/IMZ', 'MUS', 'MEQ', nan]",,,,,"131,54","56B,56C,960",001
227,01812,USAC «HOYA FRIA»,SANTA CRUZ DE TENERIFE (STA. CRUZ TEN.),54530011,PA,X,CBO,"['CAB', 'IGU', 'ADM', 'AMV', 'ILG/IMZ', 'MUS', 'MEQ', nan]",,,,,"118,14","56B,56C,960",001
228,01813,USAC «LOS RODEOS»,SAN CRISTOBAL DE LA LAGUNA (S. CRUZ TEN.),54530012,PA,C,CB1,"['CAB', 'IGU', 'ADM', 'AMV', 'ILG/IMZ', 'MUS', 'MEQ', nan]",,,,,"131,54","56B,56C,960",001
229,01814,USAC «LOS RODEOS»,SAN CRISTOBAL DE LA LAGUNA (S. CRUZ TEN.),54530012,PA,X,CBO,"['CAB', 'IGU', 'ADM', 'AMV', 'ILG/IMZ', 'MUS', 'MEQ', nan]",,,,,"118,14","56B,56C,960",001
230,01815,USAC «LOS RODEOS»,SAN CRISTOBAL DE LA LAGUNA (S. CRUZ TEN.),54530012,PA,D,SDO,"['CAB', 'IGU', 'ADM', 'AMV', 'ILG/IMZ', 'MUS', 'MEQ', nan]",,,,,"104,96","56B,56C,960",001
231,01816,USBA «LA CUESTA»,SAN CRISTOBAL DE LA LAGUNA (S. CRUZ TEN.),54530014,PA,C,CB1,"['CAB', 'IGU', 'ADM', 'AMV', 'ILG/IMZ', 'MUS', 'MEQ', nan]",,,,,"131,54","56B,56C,960",002
232,01817,USBA «LA CUESTA»,SAN CRISTOBAL DE LA LAGUNA (S. CRUZ TEN.),54530014,PA,X,CBO,"['CAB', 'IGU', 'ADM', 'AMV', 'ILG/IMZ', 'MUS', 'MEQ', nan]",,,,,"118,14","56B,56C,960",004
233,01818,ACADEMIA DE INFANTERIA,TOLEDO,55101713,PA,X,CB1 a SDO,"['CAB', 'IGU', 'ADM', 'AMV', 'ILG/IMZ', 'MUS', 'MEQ', nan]",,,,,"147,87","749,959",001
234,01819,ACADEMIA DE INFANTERIA,TOLEDO,55101713,PA,X,CBO,"['CAB', 'IGU', 'ADM', 'AMV', 'ILG/IMZ', 'MUS', 'MEQ', nan]",,,,,"131,54","56B,56C,960",001
235,01820,ACADEMIA DE INFANTERIA,TOLEDO,55101713,PA,X,CBO,"['CAB', 'IGU', 'ADM', 'AMV', 'ILG/IMZ', 'MUS', 'MEQ', nan]",,,,,"131,54","56B,56C,960",003
236,01821,ACADEMIA DE INFANTERIA,TOLEDO,55101713,PA,D,SDO,"['CAB', 'IGU', 'ADM', 'AMV', 'ILG/IMZ', 'MUS', 'MEQ', nan]",,,,,"118,14","56B,56C,960",003
237,01822,ACADEMIA DE INFANTERIA,TOLEDO,55101713,PA,D,SDO,"['CAB', 'IGU', 'ADM', 'AMV', 'ILG/IMZ', 'MUS', 'MEQ', nan]",,,,,"118,14","511,56B,56C,960",005
238,01823,BATALLON DE CG. DEL CGTAD.,BETERA (VALENCIA),50002381,PA,C,CB1,"['CAB', 'IGU', 'ADM', 'AMV', 'ILG/IMZ', 'MUS', 'MEQ', nan]",,,,,"184,24",959,002
239,01824,BATALLON DE CG. DEL CGTAD.,BETERA (VALENCIA),50002381,PA,C,CBO,"['CAB', 'IGU', 'ADM', 'AMV', 'ILG/IMZ', 'MUS', 'MEQ', nan]",,,,,"164,22",959,003
240,01825,BATALLON DE CG. DEL CGTAD.,BETERA (VALENCIA),50002381,PA,C,CBO a SDO,"['CAB', 'IGU', 'ADM', 'AMV', 'ILG/IMZ', 'MUS', 'MEQ', nan]",,,,,"164,22",959,001
241,01826,BATALLON DE CG. DEL CGTAD.,BETERA (VALENCIA),50002381,PA,C,SDO,"['CAB', 'IGU', 'ADM', 'AMV', 'ILG/IMZ', 'MUS', 'MEQ', nan]",,,,,"147,87","594,959",005
242,01827,BATALLON DE HELICOPTEROS DE EMERGENCIAS II (BETERA),BETERA (VALENCIA),50075516,PA,C,CB1,"['CAB', 'IGU', 'ADM', 'AMV', 'ILG/IMZ', 'MUS', 'MEQ', nan]",,,,,"184,24",959,003
243,01828,BATALLON DE HELICOPTEROS DE EMERGENCIAS II (BETERA),BETERA (VALENCIA),50075516,PA,C,CBO,"['CAB', 'IGU', 'ADM', 'AMV', 'ILG/IMZ', 'MUS', 'MEQ', nan]",,,,,"164,22",959,001
244,01829,BATALLON DE HELICOPTEROS DE EMERGENCIAS II (BETERA),BETERA (VALENCIA),50075516,PA,C,SDO,"['CAB', 'IGU', 'ADM', 'AMV', 'ILG/IMZ', 'MUS', 'MEQ', nan]",,,,,"147,87","594,959",010
245,01830,CUARTEL GENERAL DEL MANDO DE TRANSMISIONES,BETERA (VALENCIA),50085418,PA,C,SDO,"['CAB', 'IGU', 'ADM', 'AMV', 'ILG/IMZ', 'MUS', 'MEQ', nan]",,,,,"147,87","594,656,959",001
246,01831,CUARTEL GENERAL TERRESTRE DE ALTA DISPONIBILIDAD (VALENCIA),VALENCIA,50030001,PA,C,SDO,"['CAB', 'IGU', 'ADM', 'AMV', 'ILG/IMZ', 'MUS', 'MEQ', nan]",,,,,"147,87","594,656,959",002
247,01832,REGIMIENTO DE CABALLERIA «LUSITANIA» N.o 8,MARINES (VALENCIA),50072765,PA,C,CB1 a CBO,"['CAB', 'IGU', 'ADM', 'AMV', 'ILG/IMZ', 'MUS', 'MEQ', nan]",,,,,"184,24","511,959",001
248,01833,REGIMIENTO DE DEFENSA NBQ «VALENCIA» N.o 1,PATERNA (VALENCIA),50092974,PA,C,CB1,"['CAB', 'IGU', 'ADM', 'AMV', 'ILG/IMZ', 'MUS', 'MEQ', nan]",,,,,"184,24",960,002
249,01834,REGIMIENTO DE DEFENSA NBQ «VALENCIA» N.o 1,PATERNA (VALENCIA),50092974,PA,C,CB1,"['CAB', 'IGU', 'ADM', 'AMV', 'ILG/IMZ', 'MUS', 'MEQ', nan]",,,,,"184,24",959,003
250,01835,REGIMIENTO DE DEFENSA NBQ «VALENCIA» N.o 1,PATERNA (VALENCIA),50092974,PA,C,CB1 a CBO,"['CAB', 'IGU', 'ADM', 'AMV', 'ILG/IMZ', 'MUS', 'MEQ', nan]",,,,,"164,22","511,959",001
251,01836,REGIMIENTO DE DEFENSA NBQ «VALENCIA» N.o 1,PATERNA (VALENCIA),50092974,PA,C,CBO,"['CAB', 'IGU', 'ADM', 'AMV', 'ILG/IMZ', 'MUS', 'MEQ', nan]",,,,,"164,22",959,005
252,01837,REGIMIENTO DE DEFENSA NBQ «VALENCIA» N.o 1,PATERNA (VALENCIA),50092974,PA,C,SDO,"['CAB', 'IGU', 'ADM', 'AMV', 'ILG/IMZ', 'MUS', 'MEQ', nan]",,,,,"147,87","594,959",021
253,01838,REGIMIENTO DE OPERACIONES DE INFORMACION N.o 1,VALENCIA,50069718,PA,C,SDO,"['CAB', 'IGU', 'ADM', 'AMV', 'ILG/IMZ', 'MUS', 'MEQ', nan]",,,,,"147,87","594,959",005
254,01839,REGIMIENTO DE TRANSMISIONES 21,MARINES (VALENCIA),50082577,PA,C,CB1 a CBO,"['CAB', 'IGU', 'ADM', 'AMV', 'ILG/IMZ', 'MUS', 'MEQ', nan]",,,,,"164,22","511,959",001
255,01840,REGIMIENTO DE TRANSMISIONES 21,MARINES (VALENCIA),50082577,PA,C,CB1 a CBO,"['CAB', 'IGU', 'ADM', 'AMV', 'ILG/IMZ', 'MUS', 'MEQ', nan]",,,,,"164,22",959,001
256,01841,USAC «DAOIZ Y VELARDE»(PATERNA),PATERNA (VALENCIA),54330020,PA,C,CB1,"['CAB', 'IGU', 'ADM', 'AMV', 'ILG/IMZ', 'MUS', 'MEQ', nan]",,,,,"131,54","56B,56C,960",001
257,01842,USAC «DAOIZ Y VELARDE»(PATERNA),PATERNA (VALENCIA),54330020,PA,X,CB1 a CBO,"['CAB', 'IGU', 'ADM', 'AMV', 'ILG/IMZ', 'MUS', 'MEQ', nan]",,,,,"131,54","56B,56C,960,989",001
258,01843,USAC «DAOIZ Y VELARDE»(PATERNA),PATERNA (VALENCIA),54330020,PA,X,CBO,"['CAB', 'IGU', 'ADM', 'AMV', 'ILG/IMZ', 'MUS', 'MEQ', nan]",,,,,"118,14","56B,56C,960",001
259,01844,USAC «SAN JUAN DE RIBERA»,VALENCIA,54330030,PA,C,CB1,"['CAB', 'IGU', 'ADM', 'AMV', 'ILG/IMZ', 'MUS', 'MEQ', nan]",,,,,"131,54","56B,56C,960",001
260,01845,USAC «SAN JUAN DE RIBERA»,VALENCIA,54330030,PA,C,CB1 a CBO,"['CAB', 'IGU', 'ADM', 'AMV', 'ILG/IMZ', 'MUS', 'MEQ', nan]",,,,,"131,54","56B,56C,960,989",001
261,01846,USAC «SAN JUAN DE RIBERA»,VALENCIA,54330030,PA,X,CBO,"['CAB', 'IGU', 'ADM', 'AMV', 'ILG/IMZ', 'MUS', 'MEQ', nan]",,,,,"118,14","56B,56C,960",001
262,01847,USBA «GENERAL ALMIRANTE»,MARINES (VALENCIA),54330033,PA,C,CB1,"['CAB', 'IGU', 'ADM', 'AMV', 'ILG/IMZ', 'MUS', 'MEQ', nan]",,,,,"131,54","56B,56C,960",001
263,01848,USBA «GENERAL ALMIRANTE»,MARINES (VALENCIA),54330033,PA,X,CB1 a CBO,"['CAB', 'IGU', 'ADM', 'AMV', 'ILG/IMZ', 'MUS', 'MEQ', nan]",,,,,"131,54","56B,56C,960,989",001
264,01849,USBA «GENERAL ALMIRANTE»,MARINES (VALENCIA),54330033,PA,X,CBO,"['CAB', 'IGU', 'ADM', 'AMV', 'ILG/IMZ', 'MUS', 'MEQ', nan]",,,,,"118,14","56B,56C,960",001
265,01850,USBA «GENERAL ALMIRANTE»,MARINES (VALENCIA),54330033,PA,D,SDO,"['CAB', 'IGU', 'ADM', 'AMV', 'ILG/IMZ', 'MUS', 'MEQ', nan]",,,,,"104,96","56B,56C,960",001
266,01851,USBA «JAIME I»,BETERA (VALENCIA),54330034,PA,C,CB1,"['CAB', 'IGU', 'ADM', 'AMV', 'ILG/IMZ', 'MUS', 'MEQ', nan]",,,,,"131,54","56B,56C,960",001
267,01852,USBA «JAIME I»,BETERA (VALENCIA),54330034,PA,D,SDO,"['CAB', 'IGU', 'ADM', 'AMV', 'ILG/IMZ', 'MUS', 'MEQ', nan]",,,,,"104,96","56B,56C,960",002
268,01853,AGRUPACION DE APOYO LOGISTICO N.o 61.(SANTOVENIA DE PISUERGA),SANTOVENIA DE PISUERGA (VALLADOLID),50013730,PA,C,SDO,"['CAB', 'IGU', 'ADM', 'AMV', 'ILG/IMZ', 'MUS', 'MEQ', nan]",,,,,"147,87","511,56B,959",002
269,01854,ACADEMIA DE CABALLERIA,VALLADOLID,55107701,PA,C,CB1,"['CAB', 'IGU', 'ADM', 'AMV', 'ILG/IMZ', 'MUS', 'MEQ', nan]",,,,,"147,87","56B,56C,960",001
270,01855,ACADEMIA DE CABALLERIA,VALLADOLID,55107701,PA,X,CBO,"['CAB', 'IGU', 'ADM', 'AMV', 'ILG/IMZ', 'MUS', 'MEQ', nan]",,,,,"131,54","56B,56C,960",002
271,01856,ACADEMIA DE CABALLERIA,VALLADOLID,55107701,PA,D,SDO,"['CAB', 'IGU', 'ADM', 'AMV', 'ILG/IMZ', 'MUS', 'MEQ', nan]",,,,,"118,14","56B,56C,960",010
272,01857,DIRECCION DE ASUNTOS ECONOMICOS (VALLADOLID),VALLADOLID,59030003,PA,C,CB1 a CBO,"['CAB', 'IGU', 'ADM', 'AMV', 'ILG/IMZ', 'MUS', 'MEQ', nan]",,,,,"131,54","56B,56C,656,960",002
273,01858,JEFATURA DE LA CUARTA SUBINSPECCION GENERAL DEL EJÉRCITO,VALLADOLID,54430001,PA,D,SDO,"['CAB', 'IGU', 'ADM', 'AMV', 'ILG/IMZ', 'MUS', 'MEQ', nan]",,,,,"104,96","56B,56C,656,960",001
274,01860,REGIMIENTO DE TRANSMISIONES 22 (SANTOVENIA),SANTOVENIA DE PISUERGA (VALLADOLID),50045578,PA,C,CBO,"['IMZ/CAB', 'ADM', 'AMV', 'TRS', 'HAM', 'MCH', 'ILG/IMZ', 'MUS', 'MEQ', nan]",,,,,"147,87","56B,56C,656,960",001
275,01861,USBA «EL EMPECINADO»,SANTOVENIA DE PISUERGA (VALLADOLID),54420121,PA,C,CB1,"['IMZ/CAB', 'ADM', 'AMV', 'TRS', 'HAM', 'MCH', 'ILG/IMZ', 'MUS', 'MEQ', nan]",,,,,"131,54","56B,56C,960",001
276,01862,USBA «EL EMPECINADO»,SANTOVENIA DE PISUERGA (VALLADOLID),54420121,PA,X,CB1 a CBO,"['IMZ/CAB', 'ADM', 'AMV', 'TRS', 'HAM', 'MCH', 'ILG/IMZ', 'MUS', 'MEQ', nan]",,,,,"131,54","56B,56C,960,989",002
277,01863,USBA «EL EMPECINADO»,SANTOVENIA DE PISUERGA (VALLADOLID),54420121,PA,D,SDO,"['IMZ/CAB', 'ADM', 'AMV', 'TRS', 'HAM', 'MCH', 'ILG/IMZ', 'MUS', 'MEQ', nan]",,,,,"104,96","56B,56C,960",001
278,01864,AGRUPACION DE APOYO LOGISTICO N.o 41. (ZARAGOZA),ZARAGOZA,50030461,PA,C,CB1,"['IMZ/CAB', 'ADM', 'AMV', 'TRS', 'HAM', 'MCH', 'ILG/IMZ', 'MUS', 'MEQ', nan]",,,,,"164,22",960,001
279,01865,AGRUPACION DE APOYO LOGISTICO N.o 41. (ZARAGOZA),ZARAGOZA,50030461,PA,C,CBO,"['IMZ/CAB', 'ADM', 'AMV', 'TRS', 'HAM', 'MCH', 'ILG/IMZ', 'MUS', 'MEQ', nan]",,,,,"147,87",959,005
280,01866,AGRUPACION DE APOYO LOGISTICO N.o 41. (ZARAGOZA),ZARAGOZA,50030461,PA,C,CBO,"['IMZ/CAB', 'ADM', 'AMV', 'TRS', 'HAM', 'MCH', 'ILG/IMZ', 'MUS', 'MEQ', nan]",,,,,"147,87",960,001
281,01867,AGRUPACION DE APOYO LOGISTICO N.o 41. (ZARAGOZA),ZARAGOZA,50030461,PA,C,CBO,"['IMZ/CAB', 'ADM', 'AMV', 'TRS', 'HAM', 'MCH', 'ILG/IMZ', 'MUS', 'MEQ', nan]",,,,,"147,87","511,959",006
282,01868,AGRUPACION DE APOYO LOGISTICO N.o 41. (ZARAGOZA),ZARAGOZA,50030461,PA,C,SDO,"['IMZ/CAB', 'ADM', 'AMV', 'TRS', 'HAM', 'MCH', 'ILG/IMZ', 'MUS', 'MEQ', nan]",,,,,"147,87","594,960",001
283,01869,AGRUPACION DE APOYO LOGISTICO N.o 41. (ZARAGOZA),ZARAGOZA,50030461,PA,C,SDO,"['IMZ/CAB', 'ADM', 'AMV', 'TRS', 'HAM', 'MCH', 'ILG/IMZ', 'MUS', 'MEQ', nan]",,,,,"147,87","594,959",014
284,01870,AGRUPACION DE APOYO LOGISTICO N.o 41. (ZARAGOZA),ZARAGOZA,50030461,PA,C,SDO,"['IMZ/CAB', 'ADM', 'AMV', 'TRS', 'HAM', 'MCH', 'ILG/IMZ', 'MUS', 'MEQ', nan]",,,,,"147,87",960,001
285,01871,AGRUPACION DE APOYO LOGISTICO N.o 41. (ZARAGOZA),ZARAGOZA,50030461,PA,C,SDO,"['IMZ/CAB', 'ADM', 'AMV', 'TRS', 'HAM', 'MCH', 'ILG/IMZ', 'MUS', 'MEQ', nan]",,,,,"147,87",959,002
286,01872,ACADEMIA DE LOGISTICA,CALATAYUD (ZARAGOZA),55100035,PA,C,CB1,"['IMZ/CAB', 'ADM', 'AMV', 'TRS', 'HAM', 'MCH', 'ILG/IMZ', 'MUS', 'MEQ', nan]",,,,,"147,87","56B,56C,960",003
287,01873,ACADEMIA DE LOGISTICA,CALATAYUD (ZARAGOZA),55100035,PA,X,CBO,"['IMZ/CAB', 'ADM', 'AMV', 'TRS', 'HAM', 'MCH', 'ILG/IMZ', 'MUS', 'MEQ', nan]",,,,,"131,54","56B,56C,960",005
288,01874,ACADEMIA DE LOGISTICA,CALATAYUD (ZARAGOZA),55100035,PA,D,SDO,"['IMZ/CAB', 'ADM', 'AMV', 'TRS', 'HAM', 'MCH', 'ILG/IMZ', 'MUS', 'MEQ', nan]",,,,,"118,14","56B,56C,960",017
289,01875,ACADEMIA GENERAL MILITAR,ZARAGOZA,55105700,PA,C,CB1,"['IMZ/CAB', 'ADM', 'AMV', 'TRS', 'HAM', 'MCH', 'ILG/IMZ', 'MUS', 'MEQ', nan]",,,,,"147,87","56B,56C,960",004
290,01876,ACADEMIA GENERAL MILITAR,ZARAGOZA,55105700,PA,X,CB1 a SDO,"['IMZ/CAB', 'ADM', 'AMV', 'TRS', 'HAM', 'MCH', 'ILG/IMZ', 'MUS', 'MEQ', nan]",,,,,"147,87","748,959",001
291,01877,ACADEMIA GENERAL MILITAR,ZARAGOZA,55105700,PA,X,CBO,"['IMZ/CAB', 'ADM', 'AMV', 'TRS', 'HAM', 'MCH', 'ILG/IMZ', 'MUS', 'MEQ', nan]",,,,,"131,54","56B,56C,960",004
292,01878,ACADEMIA GENERAL MILITAR,ZARAGOZA,55105700,PA,D,SDO,"['IMZ/CAB', 'ADM', 'AMV', 'TRS', 'HAM', 'MCH', 'ILG/IMZ', 'MUS', 'MEQ', nan]",,,,,"118,14","56B,56C,960",004
293,01879,BATALLON DE CG. DE LA BRIGADA «ARAGON» I,ZARAGOZA,51030836,PA,C,CB1,"['IMZ/CAB', 'ADM', 'AMV', 'TRS', 'HAM', 'MCH', 'ILG/IMZ', 'MUS', 'MEQ', nan]",,,,,"184,24","511,959",001
294,01880,BATALLON DE CG. DE LA BRIGADA «ARAGON» I,ZARAGOZA,51030836,PA,C,CB1,"['IMZ/CAB', 'ADM', 'AMV', 'TRS', 'HAM', 'MCH', 'ILG/IMZ', 'MUS', 'MEQ', nan]",,,,,"184,24","511,959",001
295,01881,BATALLON DE CG. DE LA BRIGADA «ARAGON» I,ZARAGOZA,51030836,PA,C,CBO,"['IMZ/CAB', 'ADM', 'AMV', 'TRS', 'HAM', 'MCH', 'ILG/IMZ', 'MUS', 'MEQ', nan]",,,,,"164,22","511,959",003
296,01882,BATALLON DE CG. DE LA BRIGADA «ARAGON» I,ZARAGOZA,51030836,PA,C,CBO,"['IMZ/CAB', 'ADM', 'AMV', 'TRS', 'HAM', 'MCH', 'ILG/IMZ', 'MUS', 'MEQ', nan]",,,,,"164,22","511,959",003
297,01883,BATALLON DE CG. DE LA BRIGADA «ARAGON» I,ZARAGOZA,51030836,PA,C,SDO,"['IMZ/CAB', 'ADM', 'AMV', 'TRS', 'HAM', 'MCH', 'ILG/IMZ', 'MUS', 'MEQ', nan]",,,,,"147,87","511,594,959",010
298,01884,BATALLON DE CG. DE LA BRIGADA «ARAGON» I,ZARAGOZA,51030836,PA,C,SDO,"['IMZ/CAB', 'ADM', 'AMV', 'TRS', 'HAM', 'MCH', 'ILG/IMZ', 'MUS', 'MEQ', nan]",,,,,"147,87","511,594,959",005
299,01885,CENTRO DE ADIESTRAMIENTO «SAN GREGORIO»,ZARAGOZA,55100021,PA,C,CB1,"['IMZ/CAB', 'ADM', 'AMV', 'TRS', 'HAM', 'MCH', 'ILG/IMZ', 'MUS', 'MEQ', nan]",,,,,"131,54","56B,56C,960",002
300,01886,CENTRO DE ADIESTRAMIENTO «SAN GREGORIO»,ZARAGOZA,55100021,PA,C,CB1,"['IMZ/CAB', 'ADM', 'AMV', 'TRS', 'HAM', 'MCH', 'ILG/IMZ', 'MUS', 'MEQ', nan]",,,,,"164,22","165,959",003
301,01887,CENTRO DE ADIESTRAMIENTO «SAN GREGORIO»,ZARAGOZA,55100021,PA,X,CBO,"['IMZ/CAB', 'ADM', 'AMV', 'TRS', 'HAM', 'MCH', 'ILG/IMZ', 'MUS', 'MEQ', nan]",,,,,"131,54","56B,56C,960",001
302,01888,CENTRO DE ADIESTRAMIENTO «SAN GREGORIO»,ZARAGOZA,55100021,PA,X,CBO,"['IMZ/CAB', 'ADM', 'AMV', 'TRS', 'HAM', 'MCH', 'ILG/IMZ', 'MUS', 'MEQ', nan]",,,,,"147,87","165,511,959",009
303,01889,CENTRO DE ADIESTRAMIENTO «SAN GREGORIO»,ZARAGOZA,55100021,PA,D,SDO,"['IMZ/CAB', 'ADM', 'AMV', 'TRS', 'HAM', 'MCH', 'ILG/IMZ', 'MUS', 'MEQ', nan]",,,,,"118,14","56B,56C,960",004
304,01890,CENTRO DE ADIESTRAMIENTO «SAN GREGORIO»,ZARAGOZA,55100021,PA,D,SDO,"['IMZ/CAB', 'ADM', 'AMV', 'TRS', 'HAM', 'MCH', 'ILG/IMZ', 'MUS', 'MEQ', nan]",,,,,"147,87","165,511,594,959",008
305,01891,DIRECCION DE ASUNTOS ECONOMICOS (ZARAGOZA),ZARAGOZA,59037505,PA,C,CB1 a CBO,"['IMZ/CAB', 'ADM', 'AMV', 'TRS', 'HAM', 'MCH', 'ILG/IMZ', 'MUS', 'MEQ', nan]",,,,,"131,54","56B,56C,656,960",002
306,01892,GRUPO LOGISTICO I,ZARAGOZA,51028762,PA,C,CB1,"['IMZ/CAB', 'ADM', 'AMV', 'TRS', 'HAM', 'MCH', 'ILG/IMZ', 'MUS', 'MEQ', nan]",,,,,"184,24","511,959",002
307,01893,GRUPO LOGISTICO I,ZARAGOZA,51028762,PA,C,CBO,"['IMZ/CAB', 'ADM', 'AMV', 'TRS', 'HAM', 'MCH', 'ILG/IMZ', 'MUS', 'MEQ', nan]",,,,,"164,22","511,959",004
308,01894,GRUPO LOGISTICO I,ZARAGOZA,51028762,PA,C,SDO,"['IMZ/CAB', 'ADM', 'AMV', 'TRS', 'HAM', 'MCH', 'ILG/IMZ', 'MUS', 'MEQ', nan]",,,,,"147,87","511,594,959",010
309,01895,REGIMIENTO ACORAZADO «PAVIA»4,ZARAGOZA,51094394,PA,C,CB1,"['IMZ/CAB', 'ADM', 'AMV', 'TRS', 'HAM', 'MCH', 'ILG/IMZ', 'MUS', 'MEQ', nan]",,,,,"184,24",959,001
310,01896,REGIMIENTO ACORAZADO «PAVIA»4,ZARAGOZA,51094394,PA,C,CB1 a CBO,"['IMZ/CAB', 'ADM', 'AMV', 'TRS', 'HAM', 'MCH', 'ILG/IMZ', 'MUS', 'MEQ', nan]",,,,,"184,24",960,001
311,01897,REGIMIENTO ACORAZADO «PAVIA»4,ZARAGOZA,51094394,PA,C,CBO a SDO,"['IMZ/CAB', 'ADM', 'AMV', 'TRS', 'HAM', 'MCH', 'ILG/IMZ', 'MUS', 'MEQ', nan]",,,,,"164,22","511,959",001
312,01898,REGIMIENTO DE ARTILLERIA DE CAMPAÑA 20,ZARAGOZA,51064432,PA,C,CB1,"['IMZ/CAB', 'ADM', 'AMV', 'TRS', 'HAM', 'MCH', 'ILG/IMZ', 'MUS', 'MEQ', nan]",,,,,"184,24",959,001
313,01899,REGIMIENTO DE PONTONEROS Y ESPECIALIDADES DE INGENIEROS 12,ZARAGOZA,50078704,PA,C,CB1 a CBO,"['IMZ/CAB', 'ADM', 'AMV', 'TRS', 'HAM', 'MCH', 'ILG/IMZ', 'MUS', 'MEQ', nan]",,,,,"164,22",960,001
314,01900,REGIMIENTO DE PONTONEROS Y ESPECIALIDADES DE INGENIEROS 12,ZARAGOZA,50078704,PA,C,CBO a SDO,"['IMZ/CAB', 'ADM', 'AMV', 'TRS', 'HAM', 'MCH', 'ILG/IMZ', 'MUS', 'MEQ', nan]",,,,,"164,22","511,960",001
315,01901,REGIMIENTO DE PONTONEROS Y ESPECIALIDADES DE INGENIEROS 12,ZARAGOZA,50078704,PA,C,CBO a SDO,"['IMZ/CAB', 'ADM', 'AMV', 'TRS', 'HAM', 'MCH', 'ILG/IMZ', 'MUS', 'MEQ', nan]",,,,,"164,22",959,001
316,01902,REGIMIENTO DE TRANSMISIONES 22 (CALATAYUD),CALATAYUD (ZARAGOZA),50095518,PA,C,CB1,"['IMZ/CAB', 'ADM', 'AMV', 'TRS', 'HAM', 'MCH', 'ILG/IMZ', 'MUS', 'MEQ', nan]",,,,,"147,87","56B,656,959",001
317,01903,REGIMIENTO DE TRANSMISIONES 22 (CALATAYUD),CALATAYUD (ZARAGOZA),50095518,PA,C,CBO,"['IMZ/CAB', 'ADM', 'AMV', 'TRS', 'HAM', 'MCH', 'ILG/IMZ', 'MUS', 'MEQ', nan]",,,,,"147,87","56B,656,959",001
318,01904,REGIMIENTO DE TRANSMISIONES 22 (ZARAGOZA),ZARAGOZA,50052845,PA,D,SDO,"['IMZ/CAB', 'ADM', 'AMV', 'TRS', 'HAM', 'MCH', 'ILG/IMZ', 'MUS', 'MEQ', nan]",,,,,"147,87","511,56B,56C,656,960",004
319,01905,USAC «SAN FERNANDO»,ZARAGOZA,54330029,PA,C,CB1,"['IMZ/CAB', 'ADM', 'AMV', 'TRS', 'HAM', 'MCH', 'ILG/IMZ', 'MUS', 'MEQ', nan]",,,,,"131,54","56B,56C,960",001
320,01906,USAC «SAN FERNANDO»,ZARAGOZA,54330029,PA,X,CBO,"['IMZ/CAB', 'ADM', 'AMV', 'TRS', 'HAM', 'MCH', 'ILG/IMZ', 'MUS', 'MEQ', nan]",,,,,"118,14","56B,56C,960",001
321,01907,USAC «SANGENIS»,ZARAGOZA,54330032,PA,X,CBO,"['IMZ/CAB', 'ADM', 'AMV', 'TRS', 'HAM', 'MCH', 'ILG/IMZ', 'MUS', 'MEQ', nan]",,,,,"118,14","56B,56C,960",001
322,01908,USAC «SANGENIS»,ZARAGOZA,54330032,PA,C,SDO,"['IMZ/CAB', 'ADM', 'AMV', 'TRS', 'HAM', 'MCH', 'ILG/IMZ', 'MUS', 'MEQ', nan]",,,,,"104,96","56B,56C,960",001
323,01909,USBA «SAN JORGE»,ZARAGOZA,54330036,PA,X,CBO,"['IMZ/CAB', 'ADM', 'AMV', 'TRS', 'HAM', 'MCH', 'ILG/IMZ', 'MUS', 'MEQ', nan]",,,,,"118,14","56B,56C,960",004
324,01910,USBA «SAN JORGE»,ZARAGOZA,54330036,PA,D,SDO,"['IMZ/CAB', 'ADM', 'AMV', 'TRS', 'HAM', 'MCH', 'ILG/IMZ', 'MUS', 'MEQ', nan]",,,,,"104,96","56B,56C,960",002
325,05300,RGTO.DE.INF. «GALICIA» N.o 64 DE CAZADORES DE MONTAÑA,50037163,5JA76/012,PA,C,CAP,"['CAB.', 'TRA.', 'ART.', 'INF.', nan]",,"['6', nan]",,,"412,70",959,
326,05301,CUARTEL GENERAL DEL MANDO DE TROPAS DE MONTAÑA,50083231,5JA86/001,PA,C,CAP,"['CAB.', 'TRA.', 'ART.', 'INF.', nan]",,"['6', nan]",,,"374,87","656,959",
327,05302,RGTO.DE.INF. «GALICIA» N.o 64 DE CAZADORES DE MONTAÑA,50037163,5TA4H/017,PA,C,TTE,"['CAB.', 'TRA.', 'ART.', 'INF.', nan]",,"['6', nan]",,,"338,86","511,740,959",
328,05303,REGIMIENTO DE CABALLERIA «MONTESA» 3,50092139,5JA78/001,PA,C,CAP,"['CAB.', 'TRA.', 'ART.', 'INF.', nan]",,"['6', nan]",,,"374,87",959,
329,05304,REGIMIENTO MIXTO DE ARTILLERIA 30,50056218,5JA80/007,PA,C,CAP,"['CAB.', 'TRA.', 'ART.', 'INF.', nan]",,"['6', nan]",,,"374,87","511,959",
330,05305,ULOG. 23 (CEUTA),50015287,5JA77/002,PA,C,CAP,"['CAB.', 'TRA.', 'ART.', 'INF.', nan]",,"['6', nan]",,,"374,87","511,959",
331,05306,REGIMIENTO DE CABALLERIA «ALCANTARA» 10,50028152,5JA78/002,PA,C,CAP,"['CAB.', 'TRA.', 'ART.', 'INF.', nan]",,"['6', nan]",,,"374,87",959,
332,05307,REGIMIENTO DE CABALLERIA «ALCANTARA» 10,50028152,5JA78/008,PA,C,CAP,"['CAB.', 'TRA.', 'ART.', 'INF.', nan]",,"['6', nan]",,,"374,87",959,
333,05308,REGIMIENTO MIXTO DE ARTILLERIA 32,50046840,5JA80/014,PA,C,CAP,"['CAB.', 'TRA.', 'ART.', 'INF.', nan]",,"['6', nan]",,,"374,87",959,
334,05309,REGIMIENTO MIXTO DE ARTILLERIA 32,50046840,5JA80/017,PA,C,CAP,"['CAB.', 'TRA.', 'ART.', 'INF.', nan]",,"['6', nan]",,,"374,87",959,
335,05310,TERCIO «GRAN CAPITAN» 1 DE LA LEGION,50073110,5TA4H/006,PA,C,TTE,"['CAB.', 'TRA.', 'ART.', 'INF.', nan]",,"['6', nan]",,,"338,86","740,959",
336,05311,REGIMIENTO DE OPERACIONES DE INFORMACION N.o 1,50069718,5JA77/002,PA,C,CAP,"['CAB.', 'TRA.', 'ART.', 'INF.', nan]",,"['6', nan]",,,"374,87","511,959",
337,05312,REGIMIENTO DE OPERACIONES DE INFORMACION N.o 1,50069718,5JA77/007,PA,C,CAP,"['CAB.', 'TRA.', 'ART.', 'INF.', nan]",,"['6', nan]",,,"374,87","511,959",
338,05340,REGIMIENTO DE INFANTERIA «CANARIAS» 50,50064927,5TA4H/003,PA,C,TTE,"['TRA.', 'ART.', 'INF.', nan]",,"['6', nan]",,,"338,86","740,959",
339,05341,AGRUPACION DE TRANSPORTE NUM.1,50022962,5JA77/005,PA,C,CAP,"['TRA.', 'ART.', 'INF.', nan]",,"['6', nan]",,,"374,87","511,959",
340,05342,AGRUPACION DE APOYO LOGISTICO N.o 81.,50038203,5JA77/003,PA,C,CAP,"['TRA.', 'ART.', 'INF.', nan]",,"['6', nan]",,,"374,87","511,960",
341,05343,AGRUPACION DE APOYO LOGISTICO N.o 11. (COLMENAR),50047849,5JA77/002,PA,C,CAP,"['TRA.', 'ART.', 'INF.', nan]",,"['6', nan]",,,"374,87","511,959",
342,05344,AGRUPACION DE APOYO LOGISTICO N.o 21 (SEVILLA),50080638,5JA77/003,PA,C,CAP,"['TRA.', 'ART.', 'INF.', nan]",,"['6', nan]",,,"374,87","511,959",
343,05345,REGIMIENTO DE ARTILLERIA DE COSTA 4 (SAN FERNANDO),50012789,5JA80/001,PA,C,CAP,"['TRA.', 'ART.', 'INF.', nan]",,"['6', nan]",,,"374,87",959,
344,05346,REGIMIENTO DE ARTILLERIA DE COSTA 4 (TARIFA),50013127,5JA80/002,PA,C,CAP,"['TRA.', 'ART.', 'INF.', nan]",,"['6', nan]",,,"374,87",959,
345,05347,REGIMIENTO DE ARTILLERIA ANTIAEREA 74,50060244,5JA80/002,PA,C,CAP,"['TRA.', 'ART.', 'INF.', nan]",,"['6', nan]",,,"374,87",959,
346,05348,REGIMIENTO DE ARTILLERIA ANTIAEREA 74,50060244,5JA80/005,PA,C,CAP,"['TRA.', 'ART.', 'INF.', nan]",,"['6', nan]",,,"374,87",959,
347,05349,REGIMIENTO DE ARTILLERIA ANTIAEREA 74,50060244,5JA80/006,PA,C,CAP,"['TRA.', 'ART.', 'INF.', nan]",,"['6', nan]",,,"374,87",959,
348,05350,REGIMIENTO DE ARTILLERIA DE CAMPAÑA 11,50078337,5JA80/005,PA,C,CAP,"['TRA.', 'ART.', 'INF.', nan]",,"['6', nan]",,,"374,87",959,
349,05351,REGIMIENTO DE ARTILLERIA ANTIAEREA 74 (SAN ROQUE),50093224,5JA80/004,PA,C,CAP,"['TRA.', 'ART.', 'INF.', nan]",,"['6', nan]",,,"374,87",959,
350,05352,REGIMIENTO DE ARTILLERIA LC. DE CAMPAÑA 63,50094413,5JA80/009,PA,C,CAP,"['TRA.', 'ART.', 'INF.', nan]",,"['6', nan]",,,"374,87",959,
351,05353,REGIMIENTO DE GUERRA ELECTRONICA 31,50039122,5JA86/013,PA,C,CAP,"['TRA.', 'ART.', 'INF.', nan]",,"['6', nan]",,,"374,87","656,959",
352,05354,REGIMIENTO DE TRANSMISIONES 21,50082577,5JA86/003,PA,C,CAP,"['TRA.', 'ART.', 'INF.', nan]",,"['6', nan]",,,"374,87",959,
353,05355,UNIDAD LOGISTICA DEL MANDO DE OPERACIONES ESPECIALES,50090748,5JA77/002,PA,C,CAP,"['TRA.', 'ART.', 'INF.', nan]",,"['6', nan]",,,"412,70","511,656,959",
354,05356,UNIDAD LOGISTICA DEL MANDO DE OPERACIONES ESPECIALES,50090748,5JA77/005,PA,C,CAP,"['TRA.', 'ART.', 'INF.', nan]",,"['6', nan]",,,"412,70","511,656,959",
355,05357,UNIDAD LOGISTICA DEL MANDO DE OPERACIONES ESPECIALES,50090748,5JA77/003,PA,C,CAP,"['TRA.', 'ART.', 'INF.', nan]",,"['6', nan]",,,"412,70","511,656,959",
356,05358,UNIDAD LOGISTICA DEL MANDO DE OPERACIONES ESPECIALES,50090748,5JA77/004,PA,C,CAP,"['TRA.', 'ART.', 'INF.', nan]",,"['6', nan]",,,"412,70","511,656,959",
357,05359,REGIMIENTO DE ARTILLERIA ANTIAEREA 73,50041299,5TA4K/001,PA,C,TTE,"['TRA.', 'ART.', 'INF.', nan]",,"['6', nan]",,,"338,86","740,959",
358,05360,REGIMIENTO DE GUERRA ELECTRONICA 31,50039122,5TA4G/006,PA,C,TTE,"['TRA.', 'ART.', 'INF.', nan]",,"['6', nan]",,,"338,86","656,740,959",
359,05361,REGIMIENTO DE ARTILLERIA ANTIAEREA 94,50030081,5JA80/011,PA,C,CAP,"['TRA.', 'ART.', 'INF.', nan]",,"['6', nan]",,,"374,87",959,
360,05362,REGIMIENTO DE ARTILLERIA ANTIAEREA 94,50030081,5JA80/002,PA,C,CAP,"['TRA.', 'ART.', 'INF.', nan]",,"['6', nan]",,,"374,87",959,
361,05363,REGIMIENTO DE TRANSMISIONES 22 (TENERIFE),50014844,5JA86/008,PA,C,CAP,"['TRA.', 'ART.', 'INF.', nan]",,"['6', nan]",,,"338,86",959,
362,05364,REGIMIENTO DE GUERRA ELECTRONICA 32 (VIATOR),50044651,5JA86/002,PA,C,CAP,"['TRA.', 'ART.', 'INF.', nan]",,"['6', nan]",,,"374,87","511,546,656,960",
363,05365,REGIMIENTO DE TRANSMISIONES 22 (P. ALARCON),50046267,5JA86/001,PA,C,CAP,"['TRA.', 'ART.', 'INF.', nan]",,"['6', nan]",,,"338,86",959,
364,05366,REGIMIENTO DE TRANSMISIONES 22 (P. ALARCON),50046267,5JA86/003,PA,C,CAP,"['TRA.', 'ART.', 'INF.', nan]",,"['6', nan]",,,"338,86",960,
365,05367,REGIMIENTO DE GUERRA ELECTRONICA 32 (LAS PALMAS),50057180,5JA86/002,PA,C,CAP,"['INF.', 'TRA.', 'INF./CAB.', 'CAB.', 'SISEL', nan]",,"['6', nan]",,,"374,87","656,960",
366,05368,REGIMIENTO DE GUERRA ELECTRONICA 32 (LAS PALMAS),50057180,5JA86/003,PA,C,CAP,"['INF.', 'TRA.', 'INF./CAB.', 'CAB.', 'SISEL', nan]",,"['6', nan]",,,"374,87","656,960",
367,05369,REGIMIENTO DE GUERRA ELECTRONICA 32,50084861,5JA86/011,PA,C,CAP,"['INF.', 'TRA.', 'INF./CAB.', 'CAB.', 'SISEL', nan]",,"['6', nan]",,,"374,87","656,959",
368,05370,REGIMIENTO DE GUERRA ELECTRONICA 32,50084861,5JA86/005,PA,C,CAP,"['INF.', 'TRA.', 'INF./CAB.', 'CAB.', 'SISEL', nan]",,"['6', nan]",,,"374,87","656,959",
369,05371,REGIMIENTO DE TRANSMISIONES 22 (GRANADA),50096221,5JA86/001,PA,C,CAP,"['INF.', 'TRA.', 'INF./CAB.', 'CAB.', 'SISEL', nan]",,"['6', nan]",,,"338,86","511,960",
370,05372,REGIMIENTO DE TRANSMISIONES 22 (P. ALARCON),50046267,5WC11/004,PA,C,CAP,"['INF.', 'TRA.', 'INF./CAB.', 'CAB.', 'SISEL', nan]",,"['6', nan]",,,"338,86",960,
371,05373,BATALLON DE HELICOPTEROS DE MANIOBRA VI,50030082,5JA77/002,PA,C,CAP,"['INF.', 'TRA.', 'INF./CAB.', 'CAB.', 'SISEL', nan]",,"['6', nan]",,,"374,87","511,656,959",
372,05374,REGIMIENTO DE INTELIGENCIA 1 (SAN ANDRES DE RABANEDO),50012637,5JA77/003,PA,C,CAP,"['INF.', 'TRA.', 'INF./CAB.', 'CAB.', 'SISEL', nan]",,"['6', nan]",,,"374,87","511,656,959",
373,05375,REGIMIENTO DE INFANTERIA «PALMA» 47,50066277,5TA4H/004,PA,C,TTE,"['INF.', 'TRA.', 'INF./CAB.', 'CAB.', 'SISEL', nan]",,"['6', nan]",,,"304,34","740,959",
374,05376,REGIMIENTO DE INFANTERIA «INMEMORIAL DEL REY» 1 CGE,58000001,5JA76/001,PA,C,CAP,"['INF.', 'TRA.', 'INF./CAB.', 'CAB.', 'SISEL', nan]",,"['6', nan]",,,"338,86",959,
375,05377,REGIMIENTO DE INFANTERIA «INMEMORIAL DEL REY»1 CGE (POZUELO),58000003,5TA4H/003,PA,C,TTE,"['INF.', 'TRA.', 'INF./CAB.', 'CAB.', 'SISEL', nan]",,"['6', nan]",,,"291,07","740,765,959",
376,05378,CENTRO DE ADIESTRAMIENTO «SAN GREGORIO»,55100021,5JA85/001,PA,D,CAP,"['INF.', 'TRA.', 'INF./CAB.', 'CAB.', 'SISEL', nan]",,"['6', nan]",,,"291,07",959,
377,05379,ACADEMIA GENERAL BASICA DE SUBOFICIALES,55104707,5JA77/003,PA,D,CAP,"['INF.', 'TRA.', 'INF./CAB.', 'CAB.', 'SISEL', nan]",,"['6', nan]",,,"338,86","511,960",
378,05380,CENTRO DE FORMACION DE TROPA NUM. 1,55130004,5JA77/007,PA,D,CAP,"['INF.', 'TRA.', 'INF./CAB.', 'CAB.', 'SISEL', nan]",,"['6', nan]",,,"291,07","270,511,960",
379,05381,ACADEMIA DE CABALLERIA,55107701,5JA9C/013,PA,X,CAP,"['INF.', 'TRA.', 'INF./CAB.', 'CAB.', 'SISEL', nan]",,"['6', nan]",,,"291,07","567,960",
380,05382,PARQUE Y CENTRO DE MANTO. DE SIS. ACORAZADOS NUM. 2,57200013,5JA9U/001,PA,X,CAP,"['INF.', 'TRA.', 'INF./CAB.', 'CAB.', 'SISEL', nan]",,"['6', nan]",,,"284,79","567,960",
381,05390,"DIRECCION DE ENSEÑANZA, INS. ADI. EVAL. (GRANADA)",55100004,5JM53/008,PA,C,CTE,,,,,,"374,87","656,960",
382,05391,ACADEMIA GENERAL MILITAR,55105700,5JM53/001,PA,C,CTE,,,,,,"338,86",960,
383,05392,PARQUE Y CENTRO DE MANTO. DE SIS. ACORAZADOS NUM. 1,57200012,5JM53/001,PA,C,CTE,,,,,,"291,07",960,
384,05393,DIRECCION DE INTEGRACION DE FUNCIONES LOGISTICAS,57272892,5JM53/004,PA,C,CTE,,,,,,"374,87","656,960",
385,05394,CENTRO DE ADIESTRAMIENTO «SAN GREGORIO»,55100021,5JM74/001,PA,C,CTE a CAP,,,,,,"291,07",960,
386,05395,RESIDENCIA MIL. AC. SOCIAL ESTUDIANTES «VIRGEN DE LA PAZ»,56330004,5JM74/001,PA,D,CTE a CAP,,,,,,"291,07",960,
387,05396,RESIDENCIA MIL. AC. SOCIAL ESTUDIANTES «VIRGEN DE LA PAZ»,56330004,5JM89/002,PA,D,CAP,,,,,,"284,79","511,960",
388,05397,CUARTEL GENERAL DEL MANDO DE TROPAS DE MONTAÑA,50083231,5WE38/001,PA,C,TTE,INT.,,"['8', nan]",,,"412,70","656,765,959",
389,05398,DIRECCION DE ASUNTOS ECONOMICOS (SEVILLA),59030002,5WB84/002,PA,C,CAP,INT.,,"['8', nan]",,,"284,79","656,960",
390,05399,JEFATURA DEL MANDO DE APOYO LOGISTICO,57005389,5WB84/001,PA,C,CAP,INT.,,"['8', nan]",,,"338,86","656,960",
391,05400,PARQUE Y CENTRO DE MANTO. DE VEHICULOS RUEDAS NUM. 1,57200014,5WB84/001,PA,C,CAP,INT.,,"['8', nan]",,,"284,79","623,656,960",
392,05401,PARQUE Y CENTRO DE MANTO. DE ARM. Y MAT. DE ARTILLERIA,57200010,5WE38/001,PA,C,TTE,INT.,,"['8', nan]",,,"284,79","656,765,960",
393,05402,DIRECCION DE INFRAESTRUCTURA,54630000,5WB88/004,PA,C,CAP,CONST,,"['8', nan]",,,"338,86","656,960",
394,05403,JEFATURA DEL MANDO DE APOYO LOGISTICO,57005389,5WB89/002,PA,C,CAP,TL/EL,,"['8', nan]",,,"338,86","468,656,960",
395,05404,JEFATURA DEL MANDO DE APOYO LOGISTICO,57005389,5WB87/011,PA,C,CAP,ARMT.,,"['8', nan]",,,"338,86","656,960",
396,05405,COMANDANCIA DE OBRAS N.o 3 ZARAGOZA,54630008,5WC6A/005,PA,C,CAP a TTE,CONST,,"['8', nan]",,,"291,07",960,
397,05406,PARQUE Y CENTRO DE MANTO. DE SIS. ACORAZADOS NUM. 1,57200012,5WC61/001,PA,C,CAP a TTE,ARMT.,,"['8', nan]",,,"291,07",960,
